dataset_type,fault_id,file,iteration,segment,window,rpm_raw_mean,rpm_raw_median,rpm_mean,rpm_median,rpm_invalid_samples,rpm_valid_fraction
healthy,HEALTHY,healthy_cc_01A_1.csv,1,0,0,2950.59235,3057.64,3057.613385416667,3057.64,8,0.96
healthy,HEALTHY,healthy_cc_01A_1.csv,1,0,1,3059.89565,3059.98,3059.89565,3059.98,0,1.0
healthy,HEALTHY,healthy_cc_01A_1.csv,1,0,2,3060.481050000001,3060.44,3060.481050000001,3060.44,0,1.0
healthy,HEALTHY,healthy_cc_01A_1.csv,1,0,3,3060.8259000000003,3060.76,3060.8259000000003,3060.76,0,1.0
healthy,HEALTHY,healthy_cc_01A_1.csv,1,0,4,3062.04525,3062.01,3062.04525,3062.01,0,1.0
healthy,HEALTHY,healthy_cc_01A_1.csv,1,0,5,3060.8433999999997,3060.99,3060.8433999999997,3060.99,0,1.0
healthy,HEALTHY,healthy_cc_01A_1.csv,1,0,6,3061.9947,3062.47,3061.9947,3062.47,0,1.0
healthy,HEALTHY,healthy_cc_01A_1.csv,1,0,7,3059.6620999999996,3060.13,3059.6620999999996,3060.13,0,1.0
healthy,HEALTHY,healthy_cc_01A_1.csv,1,0,8,3059.7928500000003,3059.66,3059.7928500000003,3059.66,0,1.0
healthy,HEALTHY,healthy_cc_01A_1.csv,1,0,9,3060.0380999999998,3061.54,3060.0380999999998,3061.54,0,1.0
healthy,HEALTHY,healthy_cc_01A_1.csv,1,0,10,3056.3553500000003,3055.92,3056.3553500000003,3055.92,0,1.0
healthy,HEALTHY,healthy_cc_01A_1.csv,1,0,11,3057.4904500000002,3057.48,3057.4904500000002,3057.48,0,1.0
healthy,HEALTHY,healthy_cc_01A_1.csv,1,0,12,3058.4754500000004,3058.57,3058.4754500000004,3058.57,0,1.0
healthy,HEALTHY,healthy_cc_01A_1.csv,1,0,13,3058.2823000000003,3058.42,3058.2823000000003,3058.42,0,1.0
healthy,HEALTHY,healthy_cc_01A_1.csv,1,0,14,3058.2146999999995,3058.42,3058.2146999999995,3058.42,0,1.0
healthy,HEALTHY,healthy_cc_01A_1.csv,1,0,15,3056.8597499999996,3056.7,3056.8597499999996,3056.7,0,1.0
healthy,HEALTHY,healthy_cc_01A_1.csv,1,0,16,3058.3491999999997,3058.42,3058.3491999999997,3058.42,0,1.0
healthy,HEALTHY,healthy_cc_01A_1.csv,1,0,17,3058.8235499999996,3058.88,3058.8235499999996,3058.88,0,1.0
healthy,HEALTHY,healthy_cc_01A_1.csv,1,0,18,3058.22635,3058.1,3058.22635,3058.1,0,1.0
healthy,HEALTHY,healthy_cc_01A_1.csv,1,0,19,3059.3270999999995,3059.35,3059.3270999999995,3059.35,0,1.0
healthy,HEALTHY,healthy_cc_01A_1.csv,1,0,20,3059.5105999999996,3058.73,3059.5105999999996,3058.73,0,1.0
healthy,HEALTHY,healthy_cc_01A_2.csv,2,0,0,3057.6746999999996,3057.79,3057.6746999999996,3057.79,0,1.0
healthy,HEALTHY,healthy_cc_01A_2.csv,2,0,1,3055.9270500000002,3055.77,3055.9270500000002,3055.77,0,1.0
healthy,HEALTHY,healthy_cc_01A_2.csv,2,0,2,3057.4039500000003,3057.32,3057.4039500000003,3057.32,0,1.0
healthy,HEALTHY,healthy_cc_01A_2.csv,2,0,3,3057.1174,3056.86,3057.1174,3056.86,0,1.0
healthy,HEALTHY,healthy_cc_01A_2.csv,2,0,4,3058.9501,3059.66,3058.9501,3059.66,0,1.0
healthy,HEALTHY,healthy_cc_01A_2.csv,2,0,5,3057.1696,3057.17,3057.1696,3057.17,0,1.0
healthy,HEALTHY,healthy_cc_01A_2.csv,2,0,6,3056.4049000000005,3056.31,3056.4049000000005,3056.31,0,1.0
healthy,HEALTHY,healthy_cc_01A_2.csv,2,0,7,3057.6748,3058.1,3057.6748,3058.1,0,1.0
healthy,HEALTHY,healthy_cc_01A_2.csv,2,0,8,3058.57395,3058.42,3058.57395,3058.42,0,1.0
healthy,HEALTHY,healthy_cc_01A_2.csv,2,0,9,3057.9904500000002,3057.64,3057.9904500000002,3057.64,0,1.0
healthy,HEALTHY,healthy_cc_01A_2.csv,2,0,10,3057.3327999999997,3057.32,3057.3327999999997,3057.32,0,1.0
healthy,HEALTHY,healthy_cc_01A_2.csv,2,0,11,3058.1307999999995,3057.79,3058.1307999999995,3057.79,0,1.0
healthy,HEALTHY,healthy_cc_01A_2.csv,2,0,12,3054.3592499999995,3054.21,3054.3592499999995,3054.21,0,1.0
healthy,HEALTHY,healthy_cc_01A_2.csv,2,0,13,3054.9178500000003,3054.68,3054.9178500000003,3054.68,0,1.0
healthy,HEALTHY,healthy_cc_01A_2.csv,2,0,14,3055.10805,3054.99,3055.10805,3054.99,0,1.0
healthy,HEALTHY,healthy_cc_01A_2.csv,2,0,15,3056.7642500000006,3056.7,3056.7642500000006,3056.7,0,1.0
healthy,HEALTHY,healthy_cc_01A_2.csv,2,0,16,3058.7174500000006,3058.26,3058.7174500000006,3058.26,0,1.0
healthy,HEALTHY,healthy_cc_01A_2.csv,2,0,17,3058.6148,3058.42,3058.6148,3058.42,0,1.0
healthy,HEALTHY,healthy_cc_01A_2.csv,2,0,18,3058.5307000000007,3057.64,3058.5307000000007,3057.64,0,1.0
healthy,HEALTHY,healthy_cc_01A_2.csv,2,0,19,3062.5290000000005,3061.69,3062.5290000000005,3061.69,0,1.0
healthy,HEALTHY,healthy_cc_01A_2.csv,2,0,20,3063.43885,3063.57,3063.43885,3063.57,0,1.0
healthy,HEALTHY,healthy_cc_01A_2.csv,2,0,21,3058.1648,3058.26,3058.1648,3058.26,0,1.0
healthy,HEALTHY,healthy_cc_01A_3.csv,3,0,0,3061.9069000000004,3061.38,3061.9069000000004,3061.38,0,1.0
healthy,HEALTHY,healthy_cc_01A_3.csv,3,0,1,3063.8687,3063.88,3063.8687,3063.88,0,1.0
healthy,HEALTHY,healthy_cc_01A_3.csv,3,0,2,3062.50945,3062.63,3062.50945,3062.63,0,1.0
healthy,HEALTHY,healthy_cc_01A_3.csv,3,0,3,3063.8884500000004,3064.04,3063.8884500000004,3064.04,0,1.0
healthy,HEALTHY,healthy_cc_01A_3.csv,3,0,4,3065.4078499999996,3065.45,3065.4078499999996,3065.45,0,1.0
healthy,HEALTHY,healthy_cc_01A_3.csv,3,0,5,3065.8153500000003,3065.29,3065.8153500000003,3065.29,0,1.0
healthy,HEALTHY,healthy_cc_01A_3.csv,3,0,6,3066.6383,3066.62,3066.6383,3066.62,0,1.0
healthy,HEALTHY,healthy_cc_01A_3.csv,3,0,7,3067.7703500000002,3068.11,3067.7703500000002,3068.11,0,1.0
healthy,HEALTHY,healthy_cc_01A_3.csv,3,0,8,3066.3885000000005,3066.54,3066.3885000000005,3066.54,0,1.0
healthy,HEALTHY,healthy_cc_01A_3.csv,3,0,9,3067.4995,3067.48,3067.4995,3067.48,0,1.0
healthy,HEALTHY,healthy_cc_01A_3.csv,3,0,10,3066.85665,3066.7,3066.85665,3066.7,0,1.0
healthy,HEALTHY,healthy_cc_01A_3.csv,3,0,11,3067.39685,3067.33,3067.39685,3067.33,0,1.0
healthy,HEALTHY,healthy_cc_01A_3.csv,3,0,12,3066.98385,3067.01,3066.98385,3067.01,0,1.0
healthy,HEALTHY,healthy_cc_01A_3.csv,3,0,13,3067.4309,3067.48,3067.4309,3067.48,0,1.0
healthy,HEALTHY,healthy_cc_01A_3.csv,3,0,14,3066.7998,3066.54,3066.7998,3066.54,0,1.0
healthy,HEALTHY,healthy_cc_01A_3.csv,3,0,15,3066.9199000000003,3067.01,3066.9199000000003,3067.01,0,1.0
healthy,HEALTHY,healthy_cc_01A_3.csv,3,0,16,3067.0658000000003,3066.86,3067.0658000000003,3066.86,0,1.0
healthy,HEALTHY,healthy_cc_01A_3.csv,3,0,17,3067.1402000000003,3067.17,3067.1402000000003,3067.17,0,1.0
healthy,HEALTHY,healthy_cc_01A_3.csv,3,0,18,3066.9209499999997,3066.86,3066.9209499999997,3066.86,0,1.0
healthy,HEALTHY,healthy_cc_01A_3.csv,3,0,19,3066.275,3066.07,3066.275,3066.07,0,1.0
healthy,HEALTHY,healthy_cc_01A_3.csv,3,0,20,3066.7294500000003,3066.7,3066.7294500000003,3066.7,0,1.0
healthy,HEALTHY,healthy_cc_02A_1.csv,1,0,0,3033.3134499999996,3033.37,3033.3134499999996,3033.37,0,1.0
healthy,HEALTHY,healthy_cc_02A_1.csv,1,0,1,3033.6648499999997,3033.52,3033.6648499999997,3033.52,0,1.0
healthy,HEALTHY,healthy_cc_02A_1.csv,1,0,2,3032.6742000000004,3032.75,3032.6742000000004,3032.75,0,1.0
healthy,HEALTHY,healthy_cc_02A_1.csv,1,0,3,3032.41125,3032.45,3032.41125,3032.45,0,1.0
healthy,HEALTHY,healthy_cc_02A_1.csv,1,0,4,3032.7471499999997,3032.91,3032.7471499999997,3032.91,0,1.0
healthy,HEALTHY,healthy_cc_02A_1.csv,1,0,5,3031.297,3031.22,3031.297,3031.22,0,1.0
healthy,HEALTHY,healthy_cc_02A_1.csv,1,0,6,3031.2607000000003,3031.22,3031.2607000000003,3031.22,0,1.0
healthy,HEALTHY,healthy_cc_02A_1.csv,1,0,7,3031.4279500000002,3031.53,3031.4279500000002,3031.53,0,1.0
healthy,HEALTHY,healthy_cc_02A_1.csv,1,0,8,3032.7592,3032.29,3032.7592,3032.29,0,1.0
healthy,HEALTHY,healthy_cc_02A_1.csv,1,0,9,3034.0469000000007,3034.13,3034.0469000000007,3034.13,0,1.0
healthy,HEALTHY,healthy_cc_02A_1.csv,1,0,10,3035.14915,3034.9,3035.14915,3034.9,0,1.0
healthy,HEALTHY,healthy_cc_02A_1.csv,1,0,11,3033.75285,3034.13,3033.75285,3034.13,0,1.0
healthy,HEALTHY,healthy_cc_02A_1.csv,1,0,12,3032.56275,3032.75,3032.56275,3032.75,0,1.0
healthy,HEALTHY,healthy_cc_02A_1.csv,1,0,13,3035.0489,3034.9,3035.0489,3034.9,0,1.0
healthy,HEALTHY,healthy_cc_02A_1.csv,1,0,14,3035.36245,3035.36,3035.36245,3035.36,0,1.0
healthy,HEALTHY,healthy_cc_02A_1.csv,1,0,15,3035.4865000000004,3035.21,3035.4865000000004,3035.21,0,1.0
healthy,HEALTHY,healthy_cc_02A_1.csv,1,0,16,3034.1289999999995,3034.13,3034.1289999999995,3034.13,0,1.0
healthy,HEALTHY,healthy_cc_02A_1.csv,1,0,17,3034.17935,3034.13,3034.17935,3034.13,0,1.0
healthy,HEALTHY,healthy_cc_02A_1.csv,1,0,18,3036.2570000000005,3036.205,3036.2570000000005,3036.205,0,1.0
healthy,HEALTHY,healthy_cc_02A_1.csv,1,0,19,3037.3053000000004,3037.51,3037.3053000000004,3037.51,0,1.0
healthy,HEALTHY,healthy_cc_02A_1.csv,1,0,20,3035.81755,3035.52,3035.81755,3035.52,0,1.0
healthy,HEALTHY,healthy_cc_02A_1.csv,1,0,21,3036.69515,3036.205,3036.69515,3036.205,0,1.0
healthy,HEALTHY,healthy_cc_02A_2.csv,2,0,0,3020.5910000000003,3020.69,3020.5910000000003,3020.69,0,1.0
healthy,HEALTHY,healthy_cc_02A_2.csv,2,0,1,3019.50195,3019.63,3019.50195,3019.63,0,1.0
healthy,HEALTHY,healthy_cc_02A_2.csv,2,0,2,3017.3559999999998,3017.35,3017.3559999999998,3017.35,0,1.0
healthy,HEALTHY,healthy_cc_02A_2.csv,2,0,3,3018.91495,3018.72,3018.91495,3018.72,0,1.0
healthy,HEALTHY,healthy_cc_02A_2.csv,2,0,4,3019.3043,3019.17,3019.3043,3019.17,0,1.0
healthy,HEALTHY,healthy_cc_02A_2.csv,2,0,5,3021.5377500000004,3020.84,3021.5377500000004,3020.84,0,1.0
healthy,HEALTHY,healthy_cc_02A_2.csv,2,0,6,3021.61105,3020.69,3021.61105,3020.69,0,1.0
healthy,HEALTHY,healthy_cc_02A_2.csv,2,0,7,3023.1841,3023.13,3023.1841,3023.13,0,1.0
healthy,HEALTHY,healthy_cc_02A_2.csv,2,0,8,3019.61565,3019.32,3019.61565,3019.32,0,1.0
healthy,HEALTHY,healthy_cc_02A_2.csv,2,0,9,3018.68445,3018.26,3018.68445,3018.26,0,1.0
healthy,HEALTHY,healthy_cc_02A_2.csv,2,0,10,3019.6276000000003,3019.48,3019.6276000000003,3019.48,0,1.0
healthy,HEALTHY,healthy_cc_02A_2.csv,2,0,11,3020.5664500000003,3020.54,3020.5664500000003,3020.54,0,1.0
healthy,HEALTHY,healthy_cc_02A_2.csv,2,0,12,3022.3801000000003,3022.67,3022.3801000000003,3022.67,0,1.0
healthy,HEALTHY,healthy_cc_02A_2.csv,2,0,13,3025.2507499999997,3025.11,3025.2507499999997,3025.11,0,1.0
healthy,HEALTHY,healthy_cc_02A_2.csv,2,0,14,3024.5714000000003,3026.02,3024.5714000000003,3026.02,0,1.0
healthy,HEALTHY,healthy_cc_02A_2.csv,2,0,15,3022.4883499999996,3022.67,3022.4883499999996,3022.67,0,1.0
healthy,HEALTHY,healthy_cc_02A_2.csv,2,0,16,3027.6461,3027.55,3027.6461,3027.55,0,1.0
healthy,HEALTHY,healthy_cc_02A_2.csv,2,0,17,3032.5134,3032.45,3032.5134,3032.45,0,1.0
healthy,HEALTHY,healthy_cc_02A_2.csv,2,0,18,3034.0914500000003,3034.44,3034.0914500000003,3034.44,0,1.0
healthy,HEALTHY,healthy_cc_02A_2.csv,2,0,19,3126.2547500000005,3036.44,3052.786030927835,3036.44,6,0.97
healthy,HEALTHY,healthy_cc_02A_2.csv,2,0,20,3034.4858499999996,3034.29,3034.4858499999996,3034.29,0,1.0
healthy,HEALTHY,healthy_cc_02A_2.csv,2,0,21,3034.52065,3034.9,3034.52065,3034.9,0,1.0
healthy,HEALTHY,healthy_cc_02A_2.csv,2,0,22,3046.705,3028.31,3046.705,3028.31,0,1.0
healthy,HEALTHY,healthy_cc_02A_3.csv,3,0,0,3032.8493,3032.29,3032.8493,3032.29,0,1.0
healthy,HEALTHY,healthy_cc_02A_3.csv,3,0,1,3034.3421999999996,3034.29,3034.3421999999996,3034.29,0,1.0
healthy,HEALTHY,healthy_cc_02A_3.csv,3,0,2,3034.9524499999998,3034.44,3034.9524499999998,3034.44,0,1.0
healthy,HEALTHY,healthy_cc_02A_3.csv,3,0,3,3034.97825,3034.75,3034.97825,3034.75,0,1.0
healthy,HEALTHY,healthy_cc_02A_3.csv,3,0,4,3033.18605,3032.75,3033.18605,3032.75,0,1.0
healthy,HEALTHY,healthy_cc_02A_3.csv,3,0,5,3032.8330999999994,3032.91,3032.8330999999994,3032.91,0,1.0
healthy,HEALTHY,healthy_cc_02A_3.csv,3,0,6,3033.0445999999997,3032.91,3033.0445999999997,3032.91,0,1.0
healthy,HEALTHY,healthy_cc_02A_3.csv,3,0,7,3031.37205,3031.53,3031.37205,3031.53,0,1.0
healthy,HEALTHY,healthy_cc_02A_3.csv,3,0,8,3032.4382499999997,3032.29,3032.4382499999997,3032.29,0,1.0
healthy,HEALTHY,healthy_cc_02A_3.csv,3,0,9,3032.3920999999996,3032.29,3032.3920999999996,3032.29,0,1.0
healthy,HEALTHY,healthy_cc_02A_3.csv,3,0,10,3031.23105,3031.22,3031.23105,3031.22,0,1.0
healthy,HEALTHY,healthy_cc_02A_3.csv,3,0,11,3031.6344,3031.68,3031.6344,3031.68,0,1.0
healthy,HEALTHY,healthy_cc_02A_3.csv,3,0,12,3030.59065,3030.46,3030.59065,3030.46,0,1.0
healthy,HEALTHY,healthy_cc_02A_3.csv,3,0,13,3031.07505,3030.92,3031.07505,3030.92,0,1.0
healthy,HEALTHY,healthy_cc_02A_3.csv,3,0,14,3031.3533499999994,3031.37,3031.3533499999994,3031.37,0,1.0
healthy,HEALTHY,healthy_cc_02A_3.csv,3,0,15,3183.0987000000005,3031.68,3031.4079792746115,3031.68,7,0.965
healthy,HEALTHY,healthy_cc_02A_3.csv,3,0,16,3031.2413,3031.37,3031.2413,3031.37,0,1.0
healthy,HEALTHY,healthy_cc_02A_3.csv,3,0,17,3029.6412,3029.92,3029.6412,3029.92,0,1.0
healthy,HEALTHY,healthy_cc_02A_3.csv,3,0,18,3029.49785,3029.39,3029.49785,3029.39,0,1.0
healthy,HEALTHY,healthy_cc_02A_3.csv,3,0,19,3030.0331999999994,3030.075,3030.0331999999994,3030.075,0,1.0
healthy,HEALTHY,healthy_cc_02A_3.csv,3,0,20,3028.9643500000006,3028.85,3028.9643500000006,3028.85,0,1.0
healthy,HEALTHY,healthy_cc_03A_1.csv,1,0,0,3008.3038,3008.27,3008.3038,3008.27,0,1.0
healthy,HEALTHY,healthy_cc_03A_1.csv,1,0,1,3010.9592000000002,3010.99,3010.9592000000002,3010.99,0,1.0
healthy,HEALTHY,healthy_cc_03A_1.csv,1,0,2,3165.184,3010.39,3020.9576683937826,3010.39,7,0.965
healthy,HEALTHY,healthy_cc_03A_1.csv,1,0,3,3011.18335,3011.29,3011.18335,3011.29,0,1.0
healthy,HEALTHY,healthy_cc_03A_1.csv,1,0,4,3011.211,3011.14,3011.211,3011.14,0,1.0
healthy,HEALTHY,healthy_cc_03A_1.csv,1,0,5,3012.2038499999994,3012.35,3012.2038499999994,3012.35,0,1.0
healthy,HEALTHY,healthy_cc_03A_1.csv,1,0,6,3013.251849999999,3012.425,3013.251849999999,3012.425,0,1.0
healthy,HEALTHY,healthy_cc_03A_1.csv,1,0,7,3009.665650000001,3008.73,3009.665650000001,3008.73,0,1.0
healthy,HEALTHY,healthy_cc_03A_1.csv,1,0,8,3009.9689000000003,3010.23,3009.9689000000003,3010.23,0,1.0
healthy,HEALTHY,healthy_cc_03A_1.csv,1,0,9,3009.2844,3009.255,3009.2844,3009.255,0,1.0
healthy,HEALTHY,healthy_cc_03A_1.csv,1,0,10,3010.62885,3010.54,3010.62885,3010.54,0,1.0
healthy,HEALTHY,healthy_cc_03A_1.csv,1,0,11,3011.8081500000008,3011.9,3011.8081500000008,3011.9,0,1.0
healthy,HEALTHY,healthy_cc_03A_1.csv,1,0,12,3008.6296,3007.97,3008.6296,3007.97,0,1.0
healthy,HEALTHY,healthy_cc_03A_1.csv,1,0,13,3007.10035,3007.37,3007.10035,3007.37,0,1.0
healthy,HEALTHY,healthy_cc_03A_1.csv,1,0,14,3004.9148,3004.96,3004.9148,3004.96,0,1.0
healthy,HEALTHY,healthy_cc_03A_1.csv,1,0,15,3004.9719999999998,3004.96,3004.9719999999998,3004.96,0,1.0
healthy,HEALTHY,healthy_cc_03A_1.csv,1,0,16,3005.855,3005.71,3005.855,3005.71,0,1.0
healthy,HEALTHY,healthy_cc_03A_1.csv,1,0,17,3004.6573,3004.51,3004.6573,3004.51,0,1.0
healthy,HEALTHY,healthy_cc_03A_1.csv,1,0,18,3006.863,3006.92,3006.863,3006.92,0,1.0
healthy,HEALTHY,healthy_cc_03A_1.csv,1,0,19,3006.2241000000004,3006.085,3006.2241000000004,3006.085,0,1.0
healthy,HEALTHY,healthy_cc_03A_1.csv,1,0,20,3010.51075,3010.69,3010.51075,3010.69,0,1.0
healthy,HEALTHY,healthy_cc_03A_1.csv,1,0,21,3007.143,3007.07,3007.143,3007.07,0,1.0
healthy,HEALTHY,healthy_cc_03A_2.csv,2,0,0,3933.17245,3001.2,3036.820625,3001.05,24,0.88
healthy,HEALTHY,healthy_cc_03A_2.csv,2,0,1,3455.9501,3001.8,3019.1933519553077,3001.8,21,0.895
healthy,HEALTHY,healthy_cc_03A_2.csv,2,0,2,5987.96495,2994.46,2994.416340206186,2994.31,6,0.97
healthy,HEALTHY,healthy_cc_03A_2.csv,2,1,3,6868.13365,2998.95,2998.22487012987,2998.65,46,0.77
healthy,HEALTHY,healthy_cc_03A_2.csv,2,1,4,2999.2740000000003,2998.95,2999.2740000000003,2998.95,0,1.0
healthy,HEALTHY,healthy_cc_03A_2.csv,2,1,5,3751.35565,3000.75,3029.200059171598,3000.6,31,0.845
healthy,HEALTHY,healthy_cc_03A_2.csv,2,1,6,2997.6812,2996.55,2997.6812,2996.55,0,1.0
healthy,HEALTHY,healthy_cc_03A_2.csv,2,1,7,9552.02055,2995.7349999999997,3003.7840112994345,2995.66,23,0.885
healthy,HEALTHY,healthy_cc_03A_2.csv,2,1,8,2993.4118999999996,2994.16,2993.4118999999996,2994.16,0,1.0
healthy,HEALTHY,healthy_cc_03A_2.csv,2,1,9,2991.2338,2991.03,2991.2338,2991.03,0,1.0
healthy,HEALTHY,healthy_cc_03A_2.csv,2,1,10,2992.0598,2992.22,2992.0598,2992.22,0,1.0
healthy,HEALTHY,healthy_cc_03A_2.csv,2,1,11,2994.2925,2993.71,2994.2925,2993.71,0,1.0
healthy,HEALTHY,healthy_cc_03A_2.csv,2,1,12,2995.5011000000004,2995.81,2995.5011000000004,2995.81,0,1.0
healthy,HEALTHY,healthy_cc_03A_2.csv,2,1,13,2990.0264,2990.13,2990.0264,2990.13,0,1.0
healthy,HEALTHY,healthy_cc_03A_2.csv,2,1,14,2991.77525,2991.92,2991.77525,2991.92,0,1.0
healthy,HEALTHY,healthy_cc_03A_2.csv,2,1,15,2991.02495,2991.03,2991.02495,2991.03,0,1.0
healthy,HEALTHY,healthy_cc_03A_2.csv,2,1,16,2992.7069499999993,2992.52,2992.7069499999993,2992.52,0,1.0
healthy,HEALTHY,healthy_cc_03A_2.csv,2,1,17,2993.3430000000003,2993.34,2993.3430000000003,2993.34,0,1.0
healthy,HEALTHY,healthy_cc_03A_2.csv,2,1,18,2995.3066000000003,2995.66,2995.3066000000003,2995.66,0,1.0
healthy,HEALTHY,healthy_cc_03A_2.csv,2,1,19,2986.68855,2985.82,2986.68855,2985.82,0,1.0
healthy,HEALTHY,healthy_cc_03A_3.csv,3,0,0,2996.8484,2996.7749999999996,2996.8484,2996.7749999999996,0,1.0
healthy,HEALTHY,healthy_cc_03A_3.csv,3,0,1,2996.4224,2996.7,2996.4224,2996.7,0,1.0
healthy,HEALTHY,healthy_cc_03A_3.csv,3,0,2,2998.0276,2998.2,2998.0276,2998.2,0,1.0
healthy,HEALTHY,healthy_cc_03A_3.csv,3,0,3,2995.9076,2996.1,2995.9076,2996.1,0,1.0
healthy,HEALTHY,healthy_cc_03A_3.csv,3,0,4,2997.01225,2997.15,2997.01225,2997.15,0,1.0
healthy,HEALTHY,healthy_cc_03A_3.csv,3,0,5,2999.2034999999996,2999.1,2999.2034999999996,2999.1,0,1.0
healthy,HEALTHY,healthy_cc_03A_3.csv,3,0,6,3000.4282499999995,3000.75,3000.4282499999995,3000.75,0,1.0
healthy,HEALTHY,healthy_cc_03A_3.csv,3,0,7,2998.69875,2998.35,2998.69875,2998.35,0,1.0
healthy,HEALTHY,healthy_cc_03A_3.csv,3,0,8,3000.8235,3000.9,3000.8235,3000.9,0,1.0
healthy,HEALTHY,healthy_cc_03A_3.csv,3,0,9,3001.1525,3000.9,3001.1525,3000.9,0,1.0
healthy,HEALTHY,healthy_cc_03A_3.csv,3,0,10,3002.5086499999998,3001.7250000000004,3002.5086499999998,3001.7250000000004,0,1.0
healthy,HEALTHY,healthy_cc_03A_3.csv,3,0,11,3002.45495,3002.85,3002.45495,3002.85,0,1.0
healthy,HEALTHY,healthy_cc_03A_3.csv,3,0,12,3000.954,3001.05,3000.954,3001.05,0,1.0
healthy,HEALTHY,healthy_cc_03A_3.csv,3,0,13,3002.5893999999994,3002.4,3002.5893999999994,3002.4,0,1.0
healthy,HEALTHY,healthy_cc_03A_3.csv,3,0,14,3002.5849,3002.325,3002.5849,3002.325,0,1.0
healthy,HEALTHY,healthy_cc_03A_3.csv,3,0,15,3001.3724999999995,3001.425,3001.3724999999995,3001.425,0,1.0
healthy,HEALTHY,healthy_cc_03A_3.csv,3,0,16,3002.7053,3002.85,3002.7053,3002.85,0,1.0
healthy,HEALTHY,healthy_cc_03A_3.csv,3,0,17,3004.2475,3004.21,3004.2475,3004.21,0,1.0
healthy,HEALTHY,healthy_cc_03A_3.csv,3,0,18,3006.2158,3006.16,3006.2158,3006.16,0,1.0
healthy,HEALTHY,healthy_cc_03A_3.csv,3,0,19,3005.3172499999996,3005.1850000000004,3005.3172499999996,3005.1850000000004,0,1.0
healthy,HEALTHY,healthy_cc_03A_3.csv,3,0,20,3006.5205000000005,3006.77,3006.5205000000005,3006.77,0,1.0
healthy,HEALTHY,healthy_cc_04A_1.csv,1,0,0,2973.7273000000005,2973.68,2973.7273000000005,2973.68,0,1.0
healthy,HEALTHY,healthy_cc_04A_1.csv,1,0,1,2974.2185,2974.27,2974.2185,2974.27,0,1.0
healthy,HEALTHY,healthy_cc_04A_1.csv,1,0,2,2976.6592000000005,2976.93,2976.6592000000005,2976.93,0,1.0
healthy,HEALTHY,healthy_cc_04A_1.csv,1,0,3,2977.4903499999996,2977.67,2977.4903499999996,2977.67,0,1.0
healthy,HEALTHY,healthy_cc_04A_1.csv,1,0,4,2977.5199,2977.08,2977.5199,2977.08,0,1.0
healthy,HEALTHY,healthy_cc_04A_1.csv,1,0,5,2976.9790500000004,2977.08,2976.9790500000004,2977.08,0,1.0
healthy,HEALTHY,healthy_cc_04A_1.csv,1,0,6,2976.9323,2976.49,2976.9323,2976.49,0,1.0
healthy,HEALTHY,healthy_cc_04A_1.csv,1,0,7,2977.6181499999993,2977.67,2977.6181499999993,2977.67,0,1.0
healthy,HEALTHY,healthy_cc_04A_1.csv,1,0,8,2975.8881999999994,2975.75,2975.8881999999994,2975.75,0,1.0
healthy,HEALTHY,healthy_cc_04A_1.csv,1,0,9,2976.1623,2976.19,2976.1623,2976.19,0,1.0
healthy,HEALTHY,healthy_cc_04A_1.csv,1,0,10,2977.7183,2977.67,2977.7183,2977.67,0,1.0
healthy,HEALTHY,healthy_cc_04A_1.csv,1,0,11,2979.3954,2979.74,2979.3954,2979.74,0,1.0
healthy,HEALTHY,healthy_cc_04A_1.csv,1,0,12,2980.3418,2980.48,2980.3418,2980.48,0,1.0
healthy,HEALTHY,healthy_cc_04A_1.csv,1,0,13,2982.0705,2982.11,2982.0705,2982.11,0,1.0
healthy,HEALTHY,healthy_cc_04A_1.csv,1,0,14,2981.69255,2980.995,2981.69255,2980.995,0,1.0
healthy,HEALTHY,healthy_cc_04A_1.csv,1,0,15,2982.5152000000003,2982.4,2982.5152000000003,2982.4,0,1.0
healthy,HEALTHY,healthy_cc_04A_1.csv,1,0,16,2981.8126500000003,2981.81,2981.8126500000003,2981.81,0,1.0
healthy,HEALTHY,healthy_cc_04A_1.csv,1,0,17,2983.39195,2983.74,2983.39195,2983.74,0,1.0
healthy,HEALTHY,healthy_cc_04A_1.csv,1,0,18,2982.6292000000003,2982.625,2982.6292000000003,2982.625,0,1.0
healthy,HEALTHY,healthy_cc_04A_1.csv,1,0,19,2982.47745,2982.4,2982.47745,2982.4,0,1.0
healthy,HEALTHY,healthy_cc_04A_1.csv,1,0,20,2982.0617500000003,2981.96,2982.0617500000003,2981.96,0,1.0
healthy,HEALTHY,healthy_cc_04A_2.csv,2,0,0,2956.30275,2956.1,2956.30275,2956.1,0,1.0
healthy,HEALTHY,healthy_cc_04A_2.csv,2,0,1,2962.4824,2963.11,2962.4824,2963.11,0,1.0
healthy,HEALTHY,healthy_cc_04A_2.csv,2,0,2,2963.5396499999997,2962.8900000000003,2963.5396499999997,2962.8900000000003,0,1.0
healthy,HEALTHY,healthy_cc_04A_2.csv,2,0,3,2963.7097999999996,2963.99,2963.7097999999996,2963.99,0,1.0
healthy,HEALTHY,healthy_cc_04A_2.csv,2,0,4,2968.6796999999997,2968.97,2968.6796999999997,2968.97,0,1.0
healthy,HEALTHY,healthy_cc_04A_2.csv,2,0,5,2966.2473999999997,2965.75,2966.2473999999997,2965.75,0,1.0
healthy,HEALTHY,healthy_cc_04A_2.csv,2,0,6,2966.3002500000002,2965.16,2966.3002500000002,2965.16,0,1.0
healthy,HEALTHY,healthy_cc_04A_2.csv,2,0,7,2962.55465,2962.52,2962.55465,2962.52,0,1.0
healthy,HEALTHY,healthy_cc_04A_2.csv,2,0,8,2964.9973,2965.16,2964.9973,2965.16,0,1.0
healthy,HEALTHY,healthy_cc_04A_2.csv,2,0,9,2962.64145,2963.26,2962.64145,2963.26,0,1.0
healthy,HEALTHY,healthy_cc_04A_2.csv,2,0,10,2962.946,2963.035,2962.946,2963.035,0,1.0
healthy,HEALTHY,healthy_cc_04A_2.csv,2,0,11,2960.2989000000002,2960.04,2960.2989000000002,2960.04,0,1.0
healthy,HEALTHY,healthy_cc_04A_2.csv,2,0,12,2961.2740500000004,2961.35,2961.2740500000004,2961.35,0,1.0
healthy,HEALTHY,healthy_cc_04A_2.csv,2,0,13,2965.594149999999,2966.19,2965.594149999999,2966.19,0,1.0
healthy,HEALTHY,healthy_cc_04A_2.csv,2,0,14,2964.6325500000003,2964.87,2964.6325500000003,2964.87,0,1.0
healthy,HEALTHY,healthy_cc_04A_2.csv,2,0,15,2965.2947999999997,2966.63,2965.2947999999997,2966.63,0,1.0
healthy,HEALTHY,healthy_cc_04A_2.csv,2,0,16,2963.1495999999997,2963.11,2963.1495999999997,2963.11,0,1.0
healthy,HEALTHY,healthy_cc_04A_2.csv,2,0,17,2962.8864000000003,2962.82,2962.8864000000003,2962.82,0,1.0
healthy,HEALTHY,healthy_cc_04A_2.csv,2,0,18,2964.2245999999996,2964.28,2964.2245999999996,2964.28,0,1.0
healthy,HEALTHY,healthy_cc_04A_2.csv,2,0,19,2964.6348,2965.16,2964.6348,2965.16,0,1.0
healthy,HEALTHY,healthy_cc_04A_2.csv,2,0,20,2964.31255,2964.43,2964.31255,2964.43,0,1.0
healthy,HEALTHY,healthy_cc_04A_3.csv,3,0,0,2966.7698499999997,2966.77,2966.7698499999997,2966.77,0,1.0
healthy,HEALTHY,healthy_cc_04A_3.csv,3,0,1,2967.1061,2966.8450000000003,2967.1061,2966.8450000000003,0,1.0
healthy,HEALTHY,healthy_cc_04A_3.csv,3,0,2,2966.06225,2966.77,2966.06225,2966.77,0,1.0
healthy,HEALTHY,healthy_cc_04A_3.csv,3,0,3,2965.6654500000004,2965.75,2965.6654500000004,2965.75,0,1.0
healthy,HEALTHY,healthy_cc_04A_3.csv,3,0,4,2965.7333499999995,2965.89,2965.7333499999995,2965.89,0,1.0
healthy,HEALTHY,healthy_cc_04A_3.csv,3,0,5,2967.5670999999998,2967.51,2967.5670999999998,2967.51,0,1.0
healthy,HEALTHY,healthy_cc_04A_3.csv,3,0,6,2966.70635,2966.63,2966.70635,2966.63,0,1.0
healthy,HEALTHY,healthy_cc_04A_3.csv,3,0,7,2968.9706,2969.12,2968.9706,2969.12,0,1.0
healthy,HEALTHY,healthy_cc_04A_3.csv,3,0,8,2970.80115,2970.96,2970.80115,2970.96,0,1.0
healthy,HEALTHY,healthy_cc_04A_3.csv,3,0,9,2972.78795,2972.8,2972.78795,2972.8,0,1.0
healthy,HEALTHY,healthy_cc_04A_3.csv,3,0,10,2971.9064000000003,2971.77,2971.9064000000003,2971.77,0,1.0
healthy,HEALTHY,healthy_cc_04A_3.csv,3,0,11,2971.2556500000005,2970.59,2971.2556500000005,2970.59,0,1.0
healthy,HEALTHY,healthy_cc_04A_3.csv,3,0,12,2970.54515,2970.44,2970.54515,2970.44,0,1.0
healthy,HEALTHY,healthy_cc_04A_3.csv,3,0,13,2973.7791500000003,2973.98,2973.7791500000003,2973.98,0,1.0
healthy,HEALTHY,healthy_cc_04A_3.csv,3,0,14,2972.32155,2972.21,2972.32155,2972.21,0,1.0
healthy,HEALTHY,healthy_cc_04A_3.csv,3,0,15,2973.4894000000004,2973.465,2973.4894000000004,2973.465,0,1.0
healthy,HEALTHY,healthy_cc_04A_3.csv,3,0,16,2972.65215,2972.65,2972.65215,2972.65,0,1.0
healthy,HEALTHY,healthy_cc_04A_3.csv,3,0,17,2975.40565,2975.6,2975.40565,2975.6,0,1.0
healthy,HEALTHY,healthy_cc_04A_3.csv,3,0,18,2978.5563,2978.41,2978.5563,2978.41,0,1.0
healthy,HEALTHY,healthy_cc_04A_3.csv,3,0,19,2979.8365500000004,2979.665,2979.8365500000004,2979.665,0,1.0
healthy,HEALTHY,healthy_cc_04A_3.csv,3,0,20,2978.9719499999997,2978.7,2978.9719499999997,2978.7,0,1.0
healthy,HEALTHY,healthy_cc_05A_1.csv,1,0,0,2950.9176,2950.87,2950.9176,2950.87,0,1.0
healthy,HEALTHY,healthy_cc_05A_1.csv,1,0,1,2950.1129500000006,2950.0,2950.1129500000006,2950.0,0,1.0
healthy,HEALTHY,healthy_cc_05A_1.csv,1,0,2,2953.3258,2953.19,2953.3258,2953.19,0,1.0
healthy,HEALTHY,healthy_cc_05A_1.csv,1,0,3,2955.63275,2955.81,2955.63275,2955.81,0,1.0
healthy,HEALTHY,healthy_cc_05A_1.csv,1,0,4,2951.3842500000005,2950.0,2951.3842500000005,2950.0,0,1.0
healthy,HEALTHY,healthy_cc_05A_1.csv,1,0,5,2950.1655499999993,2950.58,2950.1655499999993,2950.58,0,1.0
healthy,HEALTHY,healthy_cc_05A_1.csv,1,0,6,2950.1319,2950.29,2950.1319,2950.29,0,1.0
healthy,HEALTHY,healthy_cc_05A_1.csv,1,0,7,2952.2043000000003,2952.32,2952.2043000000003,2952.32,0,1.0
healthy,HEALTHY,healthy_cc_05A_1.csv,1,0,8,2952.2841000000003,2952.47,2952.2841000000003,2952.47,0,1.0
healthy,HEALTHY,healthy_cc_05A_1.csv,1,0,9,2952.5607999999997,2952.47,2952.5607999999997,2952.47,0,1.0
healthy,HEALTHY,healthy_cc_05A_1.csv,1,0,10,2953.7376,2953.48,2953.7376,2953.48,0,1.0
healthy,HEALTHY,healthy_cc_05A_1.csv,1,0,11,2955.341449999999,2955.37,2955.341449999999,2955.37,0,1.0
healthy,HEALTHY,healthy_cc_05A_1.csv,1,0,12,2956.5394499999993,2956.54,2956.5394499999993,2956.54,0,1.0
healthy,HEALTHY,healthy_cc_05A_1.csv,1,0,13,2957.3516000000004,2957.27,2957.3516000000004,2957.27,0,1.0
healthy,HEALTHY,healthy_cc_05A_1.csv,1,0,14,2956.7383,2956.68,2956.7383,2956.68,0,1.0
healthy,HEALTHY,healthy_cc_05A_1.csv,1,0,15,2955.6334,2955.67,2955.6334,2955.67,0,1.0
healthy,HEALTHY,healthy_cc_05A_1.csv,1,0,16,2956.8986,2956.755,2956.8986,2956.755,0,1.0
healthy,HEALTHY,healthy_cc_05A_1.csv,1,0,17,2960.8358999999996,2961.21,2960.8358999999996,2961.21,0,1.0
healthy,HEALTHY,healthy_cc_05A_1.csv,1,0,18,2960.8518,2961.06,2960.8518,2961.06,0,1.0
healthy,HEALTHY,healthy_cc_05A_1.csv,1,0,19,2959.50105,2959.31,2959.50105,2959.31,0,1.0
healthy,HEALTHY,healthy_cc_05A_1.csv,1,0,20,2959.6463,2959.6,2959.6463,2959.6,0,1.0
healthy,HEALTHY,healthy_cc_05A_1.csv,1,0,21,2959.854,2959.75,2959.854,2959.75,0,1.0
healthy,HEALTHY,healthy_cc_05A_2.csv,2,0,0,3076.8894000000005,2926.19,2941.477538461539,2926.12,5,0.975
healthy,HEALTHY,healthy_cc_05A_2.csv,2,0,1,3022.2788,2927.83,2928.0165445026178,2927.83,9,0.955
healthy,HEALTHY,healthy_cc_05A_2.csv,2,0,2,3082.1144500000005,2930.4,2944.7863589743592,2930.4,5,0.975
healthy,HEALTHY,healthy_cc_05A_2.csv,2,0,3,2932.0784000000003,2932.41,2932.0784000000003,2932.41,0,1.0
healthy,HEALTHY,healthy_cc_05A_2.csv,2,0,4,2934.9618499999992,2934.99,2934.9618499999992,2934.99,0,1.0
healthy,HEALTHY,healthy_cc_05A_2.csv,2,0,5,3087.39175,2936.71,2951.7881025641022,2936.71,5,0.975
healthy,HEALTHY,healthy_cc_05A_2.csv,2,0,6,2933.76835,2932.98,2933.76835,2932.98,0,1.0
healthy,HEALTHY,healthy_cc_05A_2.csv,2,0,7,2934.29885,2934.27,2934.29885,2934.27,0,1.0
healthy,HEALTHY,healthy_cc_05A_2.csv,2,0,8,2934.025,2933.99,2934.025,2933.99,0,1.0
healthy,HEALTHY,healthy_cc_05A_2.csv,2,0,9,2930.55515,2929.12,2930.55515,2929.12,0,1.0
healthy,HEALTHY,healthy_cc_05A_2.csv,2,0,10,2930.60625,2930.83,2930.60625,2930.83,0,1.0
healthy,HEALTHY,healthy_cc_05A_2.csv,2,0,11,2931.5589999999997,2931.98,2931.5589999999997,2931.98,0,1.0
healthy,HEALTHY,healthy_cc_05A_2.csv,2,0,12,2931.2568499999998,2931.12,2931.2568499999998,2931.12,0,1.0
healthy,HEALTHY,healthy_cc_05A_2.csv,2,0,13,2932.6183499999997,2932.12,2932.6183499999997,2932.12,0,1.0
healthy,HEALTHY,healthy_cc_05A_2.csv,2,0,14,2931.1888999999996,2931.26,2931.1888999999996,2931.26,0,1.0
healthy,HEALTHY,healthy_cc_05A_2.csv,2,0,15,2931.1996999999997,2931.26,2931.1996999999997,2931.26,0,1.0
healthy,HEALTHY,healthy_cc_05A_2.csv,2,0,16,2932.4292000000005,2932.41,2932.4292000000005,2932.41,0,1.0
healthy,HEALTHY,healthy_cc_05A_2.csv,2,0,17,2932.2012,2932.12,2932.2012,2932.12,0,1.0
healthy,HEALTHY,healthy_cc_05A_2.csv,2,0,18,2933.2132999999994,2933.27,2933.2132999999994,2933.27,0,1.0
healthy,HEALTHY,healthy_cc_05A_2.csv,2,0,19,2934.16005,2934.13,2934.16005,2934.13,0,1.0
healthy,HEALTHY,healthy_cc_05A_2.csv,2,0,20,2933.5256499999996,2933.55,2933.5256499999996,2933.55,0,1.0
healthy,HEALTHY,healthy_cc_05A_2.csv,2,0,21,2932.0663,2931.335,2932.0663,2931.335,0,1.0
healthy,HEALTHY,healthy_cc_05A_3.csv,3,0,0,2931.5382500000005,2932.12,2931.5382500000005,2932.12,0,1.0
healthy,HEALTHY,healthy_cc_05A_3.csv,3,0,1,2929.0165000000006,2928.83,2929.0165000000006,2928.83,0,1.0
healthy,HEALTHY,healthy_cc_05A_3.csv,3,0,2,2928.5373500000005,2928.54,2928.5373500000005,2928.54,0,1.0
healthy,HEALTHY,healthy_cc_05A_3.csv,3,0,3,2929.0398500000006,2929.19,2929.0398500000006,2929.19,0,1.0
healthy,HEALTHY,healthy_cc_05A_3.csv,3,0,4,2930.1342000000004,2930.12,2930.1342000000004,2930.12,0,1.0
healthy,HEALTHY,healthy_cc_05A_3.csv,3,0,5,2931.0398,2930.83,2931.0398,2930.83,0,1.0
healthy,HEALTHY,healthy_cc_05A_3.csv,3,0,6,2933.8414000000002,2934.06,2933.8414000000002,2934.06,0,1.0
healthy,HEALTHY,healthy_cc_05A_3.csv,3,0,7,2935.0858500000004,2935.13,2935.0858500000004,2935.13,0,1.0
healthy,HEALTHY,healthy_cc_05A_3.csv,3,0,8,2935.9951999999994,2935.925,2935.9951999999994,2935.925,0,1.0
healthy,HEALTHY,healthy_cc_05A_3.csv,3,0,9,2935.697449999999,2935.85,2935.697449999999,2935.85,0,1.0
healthy,HEALTHY,healthy_cc_05A_3.csv,3,0,10,2936.9456,2936.71,2936.9456,2936.71,0,1.0
healthy,HEALTHY,healthy_cc_05A_3.csv,3,0,11,2939.88905,2940.02,2939.88905,2940.02,0,1.0
healthy,HEALTHY,healthy_cc_05A_3.csv,3,0,12,2940.8593999999994,2940.89,2940.8593999999994,2940.89,0,1.0
healthy,HEALTHY,healthy_cc_05A_3.csv,3,0,13,2939.96605,2940.17,2939.96605,2940.17,0,1.0
healthy,HEALTHY,healthy_cc_05A_3.csv,3,0,14,2938.5382499999996,2938.01,2938.5382499999996,2938.01,0,1.0
healthy,HEALTHY,healthy_cc_05A_3.csv,3,0,15,2940.1754499999997,2939.16,2940.1754499999997,2939.16,0,1.0
healthy,HEALTHY,healthy_cc_05A_3.csv,3,0,16,2941.9127000000003,2941.03,2941.9127000000003,2941.03,0,1.0
healthy,HEALTHY,healthy_cc_05A_3.csv,3,0,17,2939.9663999999993,2939.3,2939.9663999999993,2939.3,0,1.0
healthy,HEALTHY,healthy_cc_05A_3.csv,3,0,18,2937.23935,2937.43,2937.23935,2937.43,0,1.0
healthy,HEALTHY,healthy_cc_05A_3.csv,3,0,19,2938.7694000000006,2938.73,2938.7694000000006,2938.73,0,1.0
healthy,HEALTHY,healthy_cc_05A_3.csv,3,0,20,2939.32245,2939.16,2939.32245,2939.16,0,1.0
healthy,HEALTHY,healthy_cc_06A_1.csv,1,0,0,2921.1888499999995,2920.85,2921.1888499999995,2920.85,0,1.0
healthy,HEALTHY,healthy_cc_06A_1.csv,1,0,1,2922.4510999999998,2922.41,2922.4510999999998,2922.41,0,1.0
healthy,HEALTHY,healthy_cc_06A_1.csv,1,0,2,2921.4383,2921.41,2921.4383,2921.41,0,1.0
healthy,HEALTHY,healthy_cc_06A_1.csv,1,0,3,2920.8679,2920.85,2920.8679,2920.85,0,1.0
healthy,HEALTHY,healthy_cc_06A_1.csv,1,0,4,2921.6748,2921.7,2921.6748,2921.7,0,1.0
healthy,HEALTHY,healthy_cc_06A_1.csv,1,0,5,2919.9144,2920.28,2919.9144,2920.28,0,1.0
healthy,HEALTHY,healthy_cc_06A_1.csv,1,0,6,2922.9680500000004,2922.98,2922.9680500000004,2922.98,0,1.0
healthy,HEALTHY,healthy_cc_06A_1.csv,1,0,7,2923.2357500000003,2923.26,2923.2357500000003,2923.26,0,1.0
healthy,HEALTHY,healthy_cc_06A_1.csv,1,0,8,2925.2856000000006,2925.54,2925.2856000000006,2925.54,0,1.0
healthy,HEALTHY,healthy_cc_06A_1.csv,1,0,9,2923.1503,2922.55,2923.1503,2922.55,0,1.0
healthy,HEALTHY,healthy_cc_06A_1.csv,1,0,10,2922.6086999999998,2922.55,2922.6086999999998,2922.55,0,1.0
healthy,HEALTHY,healthy_cc_06A_1.csv,1,0,11,2921.8678999999997,2921.98,2921.8678999999997,2921.98,0,1.0
healthy,HEALTHY,healthy_cc_06A_1.csv,1,0,12,2921.5078000000003,2921.56,2921.5078000000003,2921.56,0,1.0
healthy,HEALTHY,healthy_cc_06A_1.csv,1,0,13,2922.0292,2922.13,2922.0292,2922.13,0,1.0
healthy,HEALTHY,healthy_cc_06A_1.csv,1,0,14,2921.67595,2921.98,2921.67595,2921.98,0,1.0
healthy,HEALTHY,healthy_cc_06A_1.csv,1,0,15,2922.5960499999997,2922.55,2922.5960499999997,2922.55,0,1.0
healthy,HEALTHY,healthy_cc_06A_1.csv,1,0,16,2921.64065,2921.7,2921.64065,2921.7,0,1.0
healthy,HEALTHY,healthy_cc_06A_1.csv,1,0,17,2922.3133000000003,2922.48,2922.3133000000003,2922.48,0,1.0
healthy,HEALTHY,healthy_cc_06A_1.csv,1,0,18,2921.87885,2922.13,2921.87885,2922.13,0,1.0
healthy,HEALTHY,healthy_cc_06A_1.csv,1,0,19,2920.50635,2920.28,2920.50635,2920.28,0,1.0
healthy,HEALTHY,healthy_cc_06A_1.csv,1,0,20,2923.6722999999997,2923.26,2923.6722999999997,2923.26,0,1.0
healthy,HEALTHY,healthy_cc_06A_1.csv,1,0,21,2924.96245,2924.83,2924.96245,2924.83,0,1.0
healthy,HEALTHY,healthy_cc_06A_2.csv,2,0,0,2903.61995,2904.02,2903.61995,2904.02,0,1.0
healthy,HEALTHY,healthy_cc_06A_2.csv,2,0,1,2904.3784499999997,2904.3,2904.3784499999997,2904.3,0,1.0
healthy,HEALTHY,healthy_cc_06A_2.csv,2,0,2,2905.4105,2905.85,2905.4105,2905.85,0,1.0
healthy,HEALTHY,healthy_cc_06A_2.csv,2,0,3,2907.0308499999996,2906.91,2907.0308499999996,2906.91,0,1.0
healthy,HEALTHY,healthy_cc_06A_2.csv,2,0,4,2908.4818000000005,2908.67,2908.4818000000005,2908.67,0,1.0
healthy,HEALTHY,healthy_cc_06A_2.csv,2,0,5,2909.9805499999998,2909.51,2909.9805499999998,2909.51,0,1.0
healthy,HEALTHY,healthy_cc_06A_2.csv,2,0,6,2907.8779,2906.7,2907.8779,2906.7,0,1.0
healthy,HEALTHY,healthy_cc_06A_2.csv,2,0,7,2907.9127500000004,2908.24,2907.9127500000004,2908.24,0,1.0
healthy,HEALTHY,healthy_cc_06A_2.csv,2,0,8,2909.2997499999997,2907.96,2909.2997499999997,2907.96,0,1.0
healthy,HEALTHY,healthy_cc_06A_2.csv,2,0,9,2906.6950500000003,2906.55,2906.6950500000003,2906.55,0,1.0
healthy,HEALTHY,healthy_cc_06A_2.csv,2,0,10,2910.78515,2910.93,2910.78515,2910.93,0,1.0
healthy,HEALTHY,healthy_cc_06A_2.csv,2,0,11,2906.6897,2905.85,2906.6897,2905.85,0,1.0
healthy,HEALTHY,healthy_cc_06A_2.csv,2,0,12,2909.3318000000004,2909.23,2909.3318000000004,2909.23,0,1.0
healthy,HEALTHY,healthy_cc_06A_2.csv,2,0,13,2905.58955,2905.5,2905.58955,2905.5,0,1.0
healthy,HEALTHY,healthy_cc_06A_2.csv,2,0,14,2908.4989,2908.67,2908.4989,2908.67,0,1.0
healthy,HEALTHY,healthy_cc_06A_2.csv,2,0,15,2908.80245,2908.95,2908.80245,2908.95,0,1.0
healthy,HEALTHY,healthy_cc_06A_2.csv,2,0,16,2908.25525,2907.82,2908.25525,2907.82,0,1.0
healthy,HEALTHY,healthy_cc_06A_2.csv,2,0,17,2909.28305,2909.09,2909.28305,2909.09,0,1.0
healthy,HEALTHY,healthy_cc_06A_2.csv,2,0,18,2910.71495,2910.93,2910.71495,2910.93,0,1.0
healthy,HEALTHY,healthy_cc_06A_2.csv,2,0,19,2910.1471,2910.36,2910.1471,2910.36,0,1.0
healthy,HEALTHY,healthy_cc_06A_2.csv,2,0,20,2908.8739,2908.1,2908.8739,2908.1,0,1.0
healthy,HEALTHY,healthy_cc_06A_2.csv,2,0,21,2908.4383499999994,2908.53,2908.4383499999994,2908.53,0,1.0
healthy,HEALTHY,healthy_cc_06A_3.csv,3,0,0,2908.611,2908.67,2908.611,2908.67,0,1.0
healthy,HEALTHY,healthy_cc_06A_3.csv,3,0,1,2909.0486499999997,2908.95,2909.0486499999997,2908.95,0,1.0
healthy,HEALTHY,healthy_cc_06A_3.csv,3,0,2,2909.4382,2909.09,2909.4382,2909.09,0,1.0
healthy,HEALTHY,healthy_cc_06A_3.csv,3,0,3,2908.78245,2908.95,2908.78245,2908.95,0,1.0
healthy,HEALTHY,healthy_cc_06A_3.csv,3,0,4,2909.1596499999996,2908.95,2909.1596499999996,2908.95,0,1.0
healthy,HEALTHY,healthy_cc_06A_3.csv,3,0,5,2908.1233999999995,2908.24,2908.1233999999995,2908.24,0,1.0
healthy,HEALTHY,healthy_cc_06A_3.csv,3,0,6,2908.4773,2908.53,2908.4773,2908.53,0,1.0
healthy,HEALTHY,healthy_cc_06A_3.csv,3,0,7,2907.4468999999995,2907.4,2907.4468999999995,2907.4,0,1.0
healthy,HEALTHY,healthy_cc_06A_3.csv,3,0,8,2906.9614999999994,2906.55,2906.9614999999994,2906.55,0,1.0
healthy,HEALTHY,healthy_cc_06A_3.csv,3,0,9,2910.3018000000006,2910.36,2910.3018000000006,2910.36,0,1.0
healthy,HEALTHY,healthy_cc_06A_3.csv,3,0,10,2911.3815000000004,2911.0,2911.3815000000004,2911.0,0,1.0
healthy,HEALTHY,healthy_cc_06A_3.csv,3,0,11,2914.926,2914.6,2914.926,2914.6,0,1.0
healthy,HEALTHY,healthy_cc_06A_3.csv,3,0,12,2916.732250000001,2917.72,2916.732250000001,2917.72,0,1.0
healthy,HEALTHY,healthy_cc_06A_3.csv,3,0,13,2911.3779,2911.63,2911.3779,2911.63,0,1.0
healthy,HEALTHY,healthy_cc_06A_3.csv,3,0,14,2911.57265,2911.49,2911.57265,2911.49,0,1.0
healthy,HEALTHY,healthy_cc_06A_3.csv,3,0,15,2911.34655,2911.35,2911.34655,2911.35,0,1.0
healthy,HEALTHY,healthy_cc_06A_3.csv,3,0,16,2911.65975,2911.77,2911.65975,2911.77,0,1.0
healthy,HEALTHY,healthy_cc_06A_3.csv,3,0,17,2911.3858999999998,2911.21,2911.3858999999998,2911.21,0,1.0
healthy,HEALTHY,healthy_cc_06A_3.csv,3,0,18,2911.03665,2911.21,2911.03665,2911.21,0,1.0
healthy,HEALTHY,healthy_cc_06A_3.csv,3,0,19,2912.1010499999998,2911.91,2912.1010499999998,2911.91,0,1.0
healthy,HEALTHY,healthy_cc_06A_3.csv,3,0,20,2912.8710499999997,2912.76,2912.8710499999997,2912.76,0,1.0
healthy,HEALTHY,healthy_cc_07A_1.csv,1,0,0,3101.2090500000004,3101.1,3101.2090500000004,3101.1,0,1.0
healthy,HEALTHY,healthy_cc_07A_1.csv,1,0,1,2893.36405,2884.75,2893.36405,2884.75,0,1.0
healthy,HEALTHY,healthy_cc_07A_1.csv,1,0,2,2888.9095500000003,2888.92,2888.9095500000003,2888.92,0,1.0
healthy,HEALTHY,healthy_cc_07A_1.csv,1,0,3,2890.2862000000005,2890.31,2890.2862000000005,2890.31,0,1.0
healthy,HEALTHY,healthy_cc_07A_1.csv,1,0,4,2891.2658,2891.43,2891.2658,2891.43,0,1.0
healthy,HEALTHY,healthy_cc_07A_1.csv,1,0,5,2891.7733999999996,2891.71,2891.7733999999996,2891.71,0,1.0
healthy,HEALTHY,healthy_cc_07A_1.csv,1,0,6,2894.4846999999995,2894.64,2894.4846999999995,2894.64,0,1.0
healthy,HEALTHY,healthy_cc_07A_1.csv,1,0,7,2895.1483999999996,2895.47,2895.1483999999996,2895.47,0,1.0
healthy,HEALTHY,healthy_cc_07A_1.csv,1,0,8,2892.8697,2892.82,2892.8697,2892.82,0,1.0
healthy,HEALTHY,healthy_cc_07A_1.csv,1,0,9,2892.4256500000006,2892.54,2892.4256500000006,2892.54,0,1.0
healthy,HEALTHY,healthy_cc_07A_1.csv,1,0,10,2890.9590000000003,2890.87,2890.9590000000003,2890.87,0,1.0
healthy,HEALTHY,healthy_cc_07A_1.csv,1,0,11,2892.39995,2892.4,2892.39995,2892.4,0,1.0
healthy,HEALTHY,healthy_cc_07A_1.csv,1,0,12,2892.1497999999997,2892.4,2892.1497999999997,2892.4,0,1.0
healthy,HEALTHY,healthy_cc_07A_1.csv,1,0,13,2892.8637,2892.4,2892.8637,2892.4,0,1.0
healthy,HEALTHY,healthy_cc_07A_1.csv,1,0,14,2895.8858,2895.89,2895.8858,2895.89,0,1.0
healthy,HEALTHY,healthy_cc_07A_1.csv,1,0,15,2895.73255,2895.89,2895.73255,2895.89,0,1.0
healthy,HEALTHY,healthy_cc_07A_1.csv,1,0,16,2895.8417,2895.75,2895.8417,2895.75,0,1.0
healthy,HEALTHY,healthy_cc_07A_1.csv,1,0,17,2895.4343,2895.47,2895.4343,2895.47,0,1.0
healthy,HEALTHY,healthy_cc_07A_1.csv,1,0,18,2894.9376,2895.05,2894.9376,2895.05,0,1.0
healthy,HEALTHY,healthy_cc_07A_1.csv,1,0,19,2895.4331000000006,2895.33,2895.4331000000006,2895.33,0,1.0
healthy,HEALTHY,healthy_cc_07A_1.csv,1,0,20,2894.03345,2894.08,2894.03345,2894.08,0,1.0
healthy,HEALTHY,healthy_cc_07A_1.csv,1,0,21,2894.45365,2894.5,2894.45365,2894.5,0,1.0
healthy,HEALTHY,healthy_cc_07A_2.csv,2,0,0,2874.1834,2874.53,2874.1834,2874.53,0,1.0
healthy,HEALTHY,healthy_cc_07A_2.csv,2,0,1,2874.6139500000004,2874.53,2874.6139500000004,2874.53,0,1.0
healthy,HEALTHY,healthy_cc_07A_2.csv,2,0,2,2875.45625,2875.7,2875.45625,2875.7,0,1.0
healthy,HEALTHY,healthy_cc_07A_2.csv,2,0,3,2876.0712,2876.18,2876.0712,2876.18,0,1.0
healthy,HEALTHY,healthy_cc_07A_2.csv,2,0,4,2877.1111499999997,2877.15,2877.1111499999997,2877.15,0,1.0
healthy,HEALTHY,healthy_cc_07A_2.csv,2,0,5,2879.81885,2879.91,2879.81885,2879.91,0,1.0
healthy,HEALTHY,healthy_cc_07A_2.csv,2,0,6,2880.40975,2880.32,2880.40975,2880.32,0,1.0
healthy,HEALTHY,healthy_cc_07A_2.csv,2,0,7,2879.4844,2879.285,2879.4844,2879.285,0,1.0
healthy,HEALTHY,healthy_cc_07A_2.csv,2,0,8,2882.1104000000005,2882.4,2882.1104000000005,2882.4,0,1.0
healthy,HEALTHY,healthy_cc_07A_2.csv,2,0,9,2879.8916000000004,2879.56,2879.8916000000004,2879.56,0,1.0
healthy,HEALTHY,healthy_cc_07A_2.csv,2,0,10,2880.49925,2880.6,2880.49925,2880.6,0,1.0
healthy,HEALTHY,healthy_cc_07A_2.csv,2,0,11,2882.22875,2882.19,2882.22875,2882.19,0,1.0
healthy,HEALTHY,healthy_cc_07A_2.csv,2,0,12,2882.3294000000005,2882.26,2882.3294000000005,2882.26,0,1.0
healthy,HEALTHY,healthy_cc_07A_2.csv,2,0,13,2880.97515,2880.74,2880.97515,2880.74,0,1.0
healthy,HEALTHY,healthy_cc_07A_2.csv,2,0,14,2881.1601500000006,2881.01,2881.1601500000006,2881.01,0,1.0
healthy,HEALTHY,healthy_cc_07A_2.csv,2,0,15,2883.5503999999996,2883.65,2883.5503999999996,2883.65,0,1.0
healthy,HEALTHY,healthy_cc_07A_2.csv,2,0,16,2884.0398999999998,2884.06,2884.0398999999998,2884.06,0,1.0
healthy,HEALTHY,healthy_cc_07A_2.csv,2,0,17,2883.6711,2884.2,2883.6711,2884.2,0,1.0
healthy,HEALTHY,healthy_cc_07A_2.csv,2,0,18,2880.62505,2880.67,2880.62505,2880.67,0,1.0
healthy,HEALTHY,healthy_cc_07A_2.csv,2,0,19,2882.56775,2882.68,2882.56775,2882.68,0,1.0
healthy,HEALTHY,healthy_cc_07A_2.csv,2,0,20,2884.8737,2884.75,2884.8737,2884.75,0,1.0
healthy,HEALTHY,healthy_cc_07A_2.csv,2,0,21,2887.52065,2887.67,2887.52065,2887.67,0,1.0
healthy,HEALTHY,healthy_cc_07A_3.csv,3,0,0,2872.3287,2872.46,2872.3287,2872.46,0,1.0
healthy,HEALTHY,healthy_cc_07A_3.csv,3,0,1,2874.67485,2874.66,2874.67485,2874.66,0,1.0
healthy,HEALTHY,healthy_cc_07A_3.csv,3,0,2,2876.5083999999997,2876.3900000000003,2876.5083999999997,2876.3900000000003,0,1.0
healthy,HEALTHY,healthy_cc_07A_3.csv,3,0,3,2876.7416000000003,2876.59,2876.7416000000003,2876.59,0,1.0
healthy,HEALTHY,healthy_cc_07A_3.csv,3,0,4,2877.9604,2878.11,2877.9604,2878.11,0,1.0
healthy,HEALTHY,healthy_cc_07A_3.csv,3,0,5,2876.6311,2876.87,2876.6311,2876.87,0,1.0
healthy,HEALTHY,healthy_cc_07A_3.csv,3,0,6,2877.7016000000003,2877.56,2877.7016000000003,2877.56,0,1.0
healthy,HEALTHY,healthy_cc_07A_3.csv,3,0,7,2878.42625,2878.39,2878.42625,2878.39,0,1.0
healthy,HEALTHY,healthy_cc_07A_3.csv,3,0,8,2883.4181,2883.3,2883.4181,2883.3,0,1.0
healthy,HEALTHY,healthy_cc_07A_3.csv,3,0,9,2882.7797499999997,2882.54,2882.7797499999997,2882.54,0,1.0
healthy,HEALTHY,healthy_cc_07A_3.csv,3,0,10,2883.9118000000003,2884.06,2883.9118000000003,2884.06,0,1.0
healthy,HEALTHY,healthy_cc_07A_3.csv,3,0,11,2883.1576,2883.37,2883.1576,2883.37,0,1.0
healthy,HEALTHY,healthy_cc_07A_3.csv,3,0,12,2881.8258,2881.84,2881.8258,2881.84,0,1.0
healthy,HEALTHY,healthy_cc_07A_3.csv,3,0,13,2881.8820499999997,2881.84,2881.8820499999997,2881.84,0,1.0
healthy,HEALTHY,healthy_cc_07A_3.csv,3,0,14,2882.0285999999996,2881.71,2882.0285999999996,2881.71,0,1.0
healthy,HEALTHY,healthy_cc_07A_3.csv,3,0,15,2883.09025,2882.6099999999997,2883.09025,2882.6099999999997,0,1.0
healthy,HEALTHY,healthy_cc_07A_3.csv,3,0,16,2882.29145,2882.12,2882.29145,2882.12,0,1.0
healthy,HEALTHY,healthy_cc_07A_3.csv,3,0,17,2882.73855,2883.09,2882.73855,2883.09,0,1.0
healthy,HEALTHY,healthy_cc_07A_3.csv,3,0,18,2882.0439,2881.71,2882.0439,2881.71,0,1.0
healthy,HEALTHY,healthy_cc_07A_3.csv,3,0,19,2880.9252500000002,2880.74,2880.9252500000002,2880.74,0,1.0
healthy,HEALTHY,healthy_cc_07A_3.csv,3,0,20,2882.77535,2881.98,2882.77535,2881.98,0,1.0
healthy,HEALTHY,healthy_cc_08A_1.csv,1,0,0,2857.83765,2857.96,2857.83765,2857.96,0,1.0
healthy,HEALTHY,healthy_cc_08A_1.csv,1,0,1,2860.18865,2859.87,2860.18865,2859.87,0,1.0
healthy,HEALTHY,healthy_cc_08A_1.csv,1,0,2,2861.68365,2861.78,2861.68365,2861.78,0,1.0
healthy,HEALTHY,healthy_cc_08A_1.csv,1,0,3,2861.00535,2861.23,2861.00535,2861.23,0,1.0
healthy,HEALTHY,healthy_cc_08A_1.csv,1,0,4,2860.3589500000003,2860.28,2860.3589500000003,2860.28,0,1.0
healthy,HEALTHY,healthy_cc_08A_1.csv,1,0,5,2861.2122499999996,2861.37,2861.2122499999996,2861.37,0,1.0
healthy,HEALTHY,healthy_cc_08A_1.csv,1,0,6,2863.35635,2863.28,2863.35635,2863.28,0,1.0
healthy,HEALTHY,healthy_cc_08A_1.csv,1,0,7,2862.40355,2862.32,2862.40355,2862.32,0,1.0
healthy,HEALTHY,healthy_cc_08A_1.csv,1,0,8,2861.1244499999993,2861.23,2861.1244499999993,2861.23,0,1.0
healthy,HEALTHY,healthy_cc_08A_1.csv,1,0,9,2861.55,2861.37,2861.55,2861.37,0,1.0
healthy,HEALTHY,healthy_cc_08A_1.csv,1,0,10,2861.95865,2862.05,2861.95865,2862.05,0,1.0
healthy,HEALTHY,healthy_cc_08A_1.csv,1,0,11,2862.58855,2862.6,2862.58855,2862.6,0,1.0
healthy,HEALTHY,healthy_cc_08A_1.csv,1,0,12,2864.70295,2864.92,2864.70295,2864.92,0,1.0
healthy,HEALTHY,healthy_cc_08A_1.csv,1,0,13,2864.18235,2864.1,2864.18235,2864.1,0,1.0
healthy,HEALTHY,healthy_cc_08A_1.csv,1,0,14,2864.30465,2864.37,2864.30465,2864.37,0,1.0
healthy,HEALTHY,healthy_cc_08A_1.csv,1,0,15,2864.4903500000005,2864.51,2864.4903500000005,2864.51,0,1.0
healthy,HEALTHY,healthy_cc_08A_1.csv,1,0,16,2863.979,2864.24,2863.979,2864.24,0,1.0
healthy,HEALTHY,healthy_cc_08A_1.csv,1,0,17,2866.5825,2866.56,2866.5825,2866.56,0,1.0
healthy,HEALTHY,healthy_cc_08A_1.csv,1,0,18,2868.04125,2868.21,2868.04125,2868.21,0,1.0
healthy,HEALTHY,healthy_cc_08A_1.csv,1,0,19,2868.6188499999994,2868.48,2868.6188499999994,2868.48,0,1.0
healthy,HEALTHY,healthy_cc_08A_1.csv,1,0,20,2867.7526500000004,2867.79,2867.7526500000004,2867.79,0,1.0
healthy,HEALTHY,healthy_cc_08A_1.csv,1,0,21,2868.3833999999997,2868.41,2868.3833999999997,2868.41,0,1.0
healthy,HEALTHY,healthy_cc_08A_2.csv,2,0,0,2857.3923,2857.82,2857.3923,2857.82,0,1.0
healthy,HEALTHY,healthy_cc_08A_2.csv,2,0,1,2861.76855,2862.19,2861.76855,2862.19,0,1.0
healthy,HEALTHY,healthy_cc_08A_2.csv,2,0,2,2861.5645499999996,2861.5,2861.5645499999996,2861.5,0,1.0
healthy,HEALTHY,healthy_cc_08A_2.csv,2,0,3,2861.819299999999,2861.91,2861.819299999999,2861.91,0,1.0
healthy,HEALTHY,healthy_cc_08A_2.csv,2,0,4,2859.5263,2859.32,2859.5263,2859.32,0,1.0
healthy,HEALTHY,healthy_cc_08A_2.csv,2,0,5,2859.3122,2858.91,2859.3122,2858.91,0,1.0
healthy,HEALTHY,healthy_cc_08A_2.csv,2,0,6,2856.2024,2856.05,2856.2024,2856.05,0,1.0
healthy,HEALTHY,healthy_cc_08A_2.csv,2,0,7,2855.0937,2855.24,2855.0937,2855.24,0,1.0
healthy,HEALTHY,healthy_cc_08A_2.csv,2,0,8,2857.3244,2857.42,2857.3244,2857.42,0,1.0
healthy,HEALTHY,healthy_cc_08A_2.csv,2,0,9,2858.9320999999995,2859.05,2858.9320999999995,2859.05,0,1.0
healthy,HEALTHY,healthy_cc_08A_2.csv,2,0,10,2856.7832499999995,2856.6,2856.7832499999995,2856.6,0,1.0
healthy,HEALTHY,healthy_cc_08A_2.csv,2,0,11,2850.0034,2849.27,2850.0034,2849.27,0,1.0
healthy,HEALTHY,healthy_cc_08A_2.csv,2,0,12,2851.79615,2851.915,2851.79615,2851.915,0,1.0
healthy,HEALTHY,healthy_cc_08A_2.csv,2,0,13,2854.2145500000006,2854.29,2854.2145500000006,2854.29,0,1.0
healthy,HEALTHY,healthy_cc_08A_2.csv,2,0,14,2853.1915000000004,2853.2,2853.1915000000004,2853.2,0,1.0
healthy,HEALTHY,healthy_cc_08A_2.csv,2,0,15,2853.20485,2853.07,2853.20485,2853.07,0,1.0
healthy,HEALTHY,healthy_cc_08A_2.csv,2,0,16,2854.7490999999995,2854.83,2854.7490999999995,2854.83,0,1.0
healthy,HEALTHY,healthy_cc_08A_2.csv,2,0,17,2856.5253500000003,2856.73,2856.5253500000003,2856.73,0,1.0
healthy,HEALTHY,healthy_cc_08A_2.csv,2,0,18,2857.988149999999,2858.1,2857.988149999999,2858.1,0,1.0
healthy,HEALTHY,healthy_cc_08A_2.csv,2,0,19,2858.36555,2858.78,2858.36555,2858.78,0,1.0
healthy,HEALTHY,healthy_cc_08A_2.csv,2,0,20,2856.75355,2856.87,2856.75355,2856.87,0,1.0
healthy,HEALTHY,healthy_cc_08A_2.csv,2,0,21,2859.6423,2859.73,2859.6423,2859.73,0,1.0
healthy,HEALTHY,healthy_cc_08A_3.csv,3,0,0,2841.4144499999993,2841.58,2841.4144499999993,2841.58,0,1.0
healthy,HEALTHY,healthy_cc_08A_3.csv,3,0,1,2844.8284,2844.82,2844.8284,2844.82,0,1.0
healthy,HEALTHY,healthy_cc_08A_3.csv,3,0,2,2844.2333499999995,2844.28,2844.2333499999995,2844.28,0,1.0
healthy,HEALTHY,healthy_cc_08A_3.csv,3,0,3,2845.0069499999995,2844.95,2845.0069499999995,2844.95,0,1.0
healthy,HEALTHY,healthy_cc_08A_3.csv,3,0,4,2845.98425,2845.89,2845.98425,2845.89,0,1.0
healthy,HEALTHY,healthy_cc_08A_3.csv,3,0,5,2846.34995,2846.3,2846.34995,2846.3,0,1.0
healthy,HEALTHY,healthy_cc_08A_3.csv,3,0,6,2847.92435,2847.52,2847.92435,2847.52,0,1.0
healthy,HEALTHY,healthy_cc_08A_3.csv,3,0,7,2848.4840000000004,2848.19,2848.4840000000004,2848.19,0,1.0
healthy,HEALTHY,healthy_cc_08A_3.csv,3,0,8,2848.4027,2848.06,2848.4027,2848.06,0,1.0
healthy,HEALTHY,healthy_cc_08A_3.csv,3,0,9,2852.079,2852.66,2852.079,2852.66,0,1.0
healthy,HEALTHY,healthy_cc_08A_3.csv,3,0,10,2851.0424000000003,2849.95,2851.0424000000003,2849.95,0,1.0
healthy,HEALTHY,healthy_cc_08A_3.csv,3,0,11,2850.3996500000003,2850.49,2850.3996500000003,2850.49,0,1.0
healthy,HEALTHY,healthy_cc_08A_3.csv,3,0,12,2851.9565999999995,2851.44,2851.9565999999995,2851.44,0,1.0
healthy,HEALTHY,healthy_cc_08A_3.csv,3,0,13,2854.2187,2854.15,2854.2187,2854.15,0,1.0
healthy,HEALTHY,healthy_cc_08A_3.csv,3,0,14,2852.8545,2852.93,2852.8545,2852.93,0,1.0
healthy,HEALTHY,healthy_cc_08A_3.csv,3,0,15,2848.9384999999997,2848.73,2848.9384999999997,2848.73,0,1.0
healthy,HEALTHY,healthy_cc_08A_3.csv,3,0,16,2849.0759,2849.27,2849.0759,2849.27,0,1.0
healthy,HEALTHY,healthy_cc_08A_3.csv,3,0,17,2850.83205,2850.49,2850.83205,2850.49,0,1.0
healthy,HEALTHY,healthy_cc_08A_3.csv,3,0,18,2852.0767999999994,2852.12,2852.0767999999994,2852.12,0,1.0
healthy,HEALTHY,healthy_cc_08A_3.csv,3,0,19,2852.1753000000003,2852.25,2852.1753000000003,2852.25,0,1.0
healthy,HEALTHY,healthy_cc_08A_3.csv,3,0,20,2852.8078499999997,2852.8,2852.8078499999997,2852.8,0,1.0
healthy,HEALTHY,healthy_cc_09A_1.csv,1,0,0,2829.04925,2829.12,2829.04925,2829.12,0,1.0
healthy,HEALTHY,healthy_cc_09A_1.csv,1,0,1,2830.5890500000005,2830.99,2830.5890500000005,2830.99,0,1.0
healthy,HEALTHY,healthy_cc_09A_1.csv,1,0,2,2830.8764499999997,2831.12,2830.8764499999997,2831.12,0,1.0
healthy,HEALTHY,healthy_cc_09A_1.csv,1,0,3,2833.6227000000003,2833.4,2833.6227000000003,2833.4,0,1.0
healthy,HEALTHY,healthy_cc_09A_1.csv,1,0,4,2832.0256,2832.59,2832.0256,2832.59,0,1.0
healthy,HEALTHY,healthy_cc_09A_1.csv,1,0,5,2834.03015,2834.135,2834.03015,2834.135,0,1.0
healthy,HEALTHY,healthy_cc_09A_1.csv,1,0,6,2836.77945,2836.545,2836.77945,2836.545,0,1.0
healthy,HEALTHY,healthy_cc_09A_1.csv,1,0,7,2836.5330500000005,2836.48,2836.5330500000005,2836.48,0,1.0
healthy,HEALTHY,healthy_cc_09A_1.csv,1,0,8,2836.9676,2836.88,2836.9676,2836.88,0,1.0
healthy,HEALTHY,healthy_cc_09A_1.csv,1,0,9,2837.7178000000004,2837.82,2837.7178000000004,2837.82,0,1.0
healthy,HEALTHY,healthy_cc_09A_1.csv,1,0,10,2838.2553000000003,2838.36,2838.2553000000003,2838.36,0,1.0
healthy,HEALTHY,healthy_cc_09A_1.csv,1,0,11,2839.5268499999993,2839.56,2839.5268499999993,2839.56,0,1.0
healthy,HEALTHY,healthy_cc_09A_1.csv,1,0,12,2839.9222000000004,2839.97,2839.9222000000004,2839.97,0,1.0
healthy,HEALTHY,healthy_cc_09A_1.csv,1,0,13,2840.4759999999997,2840.37,2840.4759999999997,2840.37,0,1.0
healthy,HEALTHY,healthy_cc_09A_1.csv,1,0,14,2843.6630000000005,2843.47,2843.6630000000005,2843.47,0,1.0
healthy,HEALTHY,healthy_cc_09A_1.csv,1,0,15,2845.7677999999996,2845.62,2845.7677999999996,2845.62,0,1.0
healthy,HEALTHY,healthy_cc_09A_1.csv,1,0,16,2846.41055,2846.03,2846.41055,2846.03,0,1.0
healthy,HEALTHY,healthy_cc_09A_1.csv,1,0,17,2847.64495,2847.52,2847.64495,2847.52,0,1.0
healthy,HEALTHY,healthy_cc_09A_1.csv,1,0,18,2849.57655,2849.0,2849.57655,2849.0,0,1.0
healthy,HEALTHY,healthy_cc_09A_1.csv,1,0,19,2847.3413,2848.06,2847.3413,2848.06,0,1.0
healthy,HEALTHY,healthy_cc_09A_1.csv,1,0,20,2840.0742999999993,2839.56,2840.0742999999993,2839.56,0,1.0
healthy,HEALTHY,healthy_cc_09A_2.csv,2,0,0,2817.4258999999997,2817.365,2817.4258999999997,2817.365,0,1.0
healthy,HEALTHY,healthy_cc_09A_2.csv,2,0,1,2820.7069499999993,2821.01,2820.7069499999993,2821.01,0,1.0
healthy,HEALTHY,healthy_cc_09A_2.csv,2,0,2,2824.2045999999996,2823.93,2824.2045999999996,2823.93,0,1.0
healthy,HEALTHY,healthy_cc_09A_2.csv,2,0,3,2823.3161000000005,2823.0,2823.3161000000005,2823.0,0,1.0
healthy,HEALTHY,healthy_cc_09A_2.csv,2,0,4,2822.92615,2823.0,2822.92615,2823.0,0,1.0
healthy,HEALTHY,healthy_cc_09A_2.csv,2,0,5,2823.5594,2823.8,2823.5594,2823.8,0,1.0
healthy,HEALTHY,healthy_cc_09A_2.csv,2,0,6,2825.5870499999996,2825.26,2825.5870499999996,2825.26,0,1.0
healthy,HEALTHY,healthy_cc_09A_2.csv,2,0,7,2827.1132000000002,2827.12,2827.1132000000002,2827.12,0,1.0
healthy,HEALTHY,healthy_cc_09A_2.csv,2,0,8,2828.32125,2827.25,2828.32125,2827.25,0,1.0
healthy,HEALTHY,healthy_cc_09A_2.csv,2,0,9,2828.27905,2828.32,2828.27905,2828.32,0,1.0
healthy,HEALTHY,healthy_cc_09A_2.csv,2,0,10,2910.5513,2827.52,2827.6163541666665,2827.52,8,0.96
healthy,HEALTHY,healthy_cc_09A_2.csv,2,0,11,2827.13555,2827.39,2827.13555,2827.39,0,1.0
healthy,HEALTHY,healthy_cc_09A_2.csv,2,0,12,2829.01095,2828.85,2829.01095,2828.85,0,1.0
healthy,HEALTHY,healthy_cc_09A_2.csv,2,0,13,2829.1262,2829.12,2829.1262,2829.12,0,1.0
healthy,HEALTHY,healthy_cc_09A_2.csv,2,0,14,2829.4622499999996,2830.06,2829.4622499999996,2830.06,0,1.0
healthy,HEALTHY,healthy_cc_09A_2.csv,2,0,15,2827.8119999999994,2827.65,2827.8119999999994,2827.65,0,1.0
healthy,HEALTHY,healthy_cc_09A_2.csv,2,0,16,2826.6708000000003,2826.59,2826.6708000000003,2826.59,0,1.0
healthy,HEALTHY,healthy_cc_09A_2.csv,2,0,17,2826.2780000000002,2826.06,2826.2780000000002,2826.06,0,1.0
healthy,HEALTHY,healthy_cc_09A_2.csv,2,0,18,2828.9850500000002,2828.59,2828.9850500000002,2828.59,0,1.0
healthy,HEALTHY,healthy_cc_09A_2.csv,2,0,19,2828.90515,2829.12,2828.90515,2829.12,0,1.0
healthy,HEALTHY,healthy_cc_09A_2.csv,2,0,20,2911.6599499999998,2828.59,2828.6770833333335,2828.59,8,0.96
healthy,HEALTHY,healthy_cc_09A_2.csv,2,0,21,2913.9583,2831.12,2830.8887499999996,2831.12,8,0.96
healthy,HEALTHY,healthy_cc_09A_3.csv,3,0,0,2816.3437,2816.37,2816.3437,2816.37,0,1.0
healthy,HEALTHY,healthy_cc_09A_3.csv,3,0,1,2819.249600000001,2819.28,2819.249600000001,2819.28,0,1.0
healthy,HEALTHY,healthy_cc_09A_3.csv,3,0,2,2819.07445,2819.55,2819.07445,2819.55,0,1.0
healthy,HEALTHY,healthy_cc_09A_3.csv,3,0,3,2820.3277499999995,2820.34,2820.3277499999995,2820.34,0,1.0
healthy,HEALTHY,healthy_cc_09A_3.csv,3,0,4,2821.21955,2821.54,2821.21955,2821.54,0,1.0
healthy,HEALTHY,healthy_cc_09A_3.csv,3,0,5,2818.2978500000004,2818.22,2818.2978500000004,2818.22,0,1.0
healthy,HEALTHY,healthy_cc_09A_3.csv,3,0,6,2822.6528000000003,2823.0,2822.6528000000003,2823.0,0,1.0
healthy,HEALTHY,healthy_cc_09A_3.csv,3,0,7,2824.9421,2824.99,2824.9421,2824.99,0,1.0
healthy,HEALTHY,healthy_cc_09A_3.csv,3,0,8,111858.33020000003,2823.93,2823.8820618556706,2823.93,6,0.97
healthy,HEALTHY,healthy_cc_09A_3.csv,3,0,9,2823.17035,2823.195,2823.17035,2823.195,0,1.0
healthy,HEALTHY,healthy_cc_09A_3.csv,3,0,10,2825.57495,2825.66,2825.57495,2825.66,0,1.0
healthy,HEALTHY,healthy_cc_09A_3.csv,3,0,11,2826.4537,2826.59,2826.4537,2826.59,0,1.0
healthy,HEALTHY,healthy_cc_09A_3.csv,3,0,12,2826.1145500000002,2826.06,2826.1145500000002,2826.06,0,1.0
healthy,HEALTHY,healthy_cc_09A_3.csv,3,0,13,2825.68865,2825.66,2825.68865,2825.66,0,1.0
healthy,HEALTHY,healthy_cc_09A_3.csv,3,0,14,2825.3435499999996,2825.26,2825.3435499999996,2825.26,0,1.0
healthy,HEALTHY,healthy_cc_09A_3.csv,3,0,15,2824.1135000000004,2824.06,2824.1135000000004,2824.06,0,1.0
healthy,HEALTHY,healthy_cc_09A_3.csv,3,0,16,2824.8514,2824.19,2824.8514,2824.19,0,1.0
healthy,HEALTHY,healthy_cc_09A_3.csv,3,0,17,2824.8116500000006,2824.86,2824.8116500000006,2824.86,0,1.0
healthy,HEALTHY,healthy_cc_09A_3.csv,3,0,18,2822.42845,2822.2,2822.42845,2822.2,0,1.0
healthy,HEALTHY,healthy_cc_09A_3.csv,3,0,19,2822.3583499999995,2822.6,2822.3583499999995,2822.6,0,1.0
healthy,HEALTHY,healthy_cc_09A_3.csv,3,0,20,2822.2178499999995,2822.2,2822.2178499999995,2822.2,0,1.0
healthy,HEALTHY,healthy_cc_10A_1.csv,1,0,0,2803.57485,2804.0,2803.57485,2804.0,0,1.0
healthy,HEALTHY,healthy_cc_10A_1.csv,1,0,1,2804.8713000000002,2804.79,2804.8713000000002,2804.79,0,1.0
healthy,HEALTHY,healthy_cc_10A_1.csv,1,0,2,2806.1568500000008,2806.23,2806.1568500000008,2806.23,0,1.0
healthy,HEALTHY,healthy_cc_10A_1.csv,1,0,3,2807.4807999999994,2807.67,2807.4807999999994,2807.67,0,1.0
healthy,HEALTHY,healthy_cc_10A_1.csv,1,0,4,2808.3552999999997,2808.265,2808.3552999999997,2808.265,0,1.0
healthy,HEALTHY,healthy_cc_10A_1.csv,1,0,5,2810.2555500000003,2810.44,2810.2555500000003,2810.44,0,1.0
healthy,HEALTHY,healthy_cc_10A_1.csv,1,0,6,2811.5251000000003,2811.62,2811.5251000000003,2811.62,0,1.0
healthy,HEALTHY,healthy_cc_10A_1.csv,1,0,7,2811.865,2811.89,2811.865,2811.89,0,1.0
healthy,HEALTHY,healthy_cc_10A_1.csv,1,0,8,2810.08615,2810.04,2810.08615,2810.04,0,1.0
healthy,HEALTHY,healthy_cc_10A_1.csv,1,0,9,2811.05135,2810.83,2811.05135,2810.83,0,1.0
healthy,HEALTHY,healthy_cc_10A_1.csv,1,0,10,2813.1333,2813.07,2813.1333,2813.07,0,1.0
healthy,HEALTHY,healthy_cc_10A_1.csv,1,0,11,2813.5128500000005,2813.6,2813.5128500000005,2813.6,0,1.0
healthy,HEALTHY,healthy_cc_10A_1.csv,1,0,12,2813.6532,2813.6,2813.6532,2813.6,0,1.0
healthy,HEALTHY,healthy_cc_10A_1.csv,1,0,13,2813.308,2813.47,2813.308,2813.47,0,1.0
healthy,HEALTHY,healthy_cc_10A_1.csv,1,0,14,2814.0595000000003,2813.86,2814.0595000000003,2813.86,0,1.0
healthy,HEALTHY,healthy_cc_10A_1.csv,1,0,15,2813.10505,2813.6,2813.10505,2813.6,0,1.0
healthy,HEALTHY,healthy_cc_10A_1.csv,1,0,16,2811.9866,2812.02,2811.9866,2812.02,0,1.0
healthy,HEALTHY,healthy_cc_10A_1.csv,1,0,17,2808.0601,2808.07,2808.0601,2808.07,0,1.0
healthy,HEALTHY,healthy_cc_10A_1.csv,1,0,18,2808.7574,2808.86,2808.7574,2808.86,0,1.0
healthy,HEALTHY,healthy_cc_10A_1.csv,1,0,19,2811.1781999999994,2811.23,2811.1781999999994,2811.23,0,1.0
healthy,HEALTHY,healthy_cc_10A_1.csv,1,0,20,2811.0624,2811.23,2811.0624,2811.23,0,1.0
healthy,HEALTHY,healthy_cc_10A_1.csv,1,0,21,2809.93605,2810.04,2809.93605,2810.04,0,1.0
healthy,HEALTHY,healthy_cc_10A_1.csv,1,0,22,2809.1641499999996,2808.86,2809.1641499999996,2808.86,0,1.0
healthy,HEALTHY,healthy_cc_10A_2.csv,2,0,0,2797.6217000000006,2798.38,2797.6217000000006,2798.38,0,1.0
healthy,HEALTHY,healthy_cc_10A_2.csv,2,0,1,2803.0988,2802.82,2803.0988,2802.82,0,1.0
healthy,HEALTHY,healthy_cc_10A_2.csv,2,0,2,2804.2475,2804.13,2804.2475,2804.13,0,1.0
healthy,HEALTHY,healthy_cc_10A_2.csv,2,0,3,2945.9464499999995,2804.0,2803.4864766839373,2803.87,7,0.965
healthy,HEALTHY,healthy_cc_10A_2.csv,2,0,4,2805.4446499999995,2805.44,2805.4446499999995,2805.44,0,1.0
healthy,HEALTHY,healthy_cc_10A_2.csv,2,0,5,2806.2816000000003,2806.23,2806.2816000000003,2806.23,0,1.0
healthy,HEALTHY,healthy_cc_10A_2.csv,2,0,6,2806.3414499999994,2806.23,2806.3414499999994,2806.23,0,1.0
healthy,HEALTHY,healthy_cc_10A_2.csv,2,0,7,2805.92,2805.7,2805.92,2805.7,0,1.0
healthy,HEALTHY,healthy_cc_10A_2.csv,2,0,8,3175.9646,2807.28,2807.0141818181814,2806.89,35,0.825
healthy,HEALTHY,healthy_cc_10A_2.csv,2,0,9,2886.7729,2804.52,2804.4135416666663,2804.26,8,0.96
healthy,HEALTHY,healthy_cc_10A_2.csv,2,0,10,2805.7919499999994,2805.84,2805.7919499999994,2805.84,0,1.0
healthy,HEALTHY,healthy_cc_10A_2.csv,2,0,11,2805.0674,2805.31,2805.0674,2805.31,0,1.0
healthy,HEALTHY,healthy_cc_10A_2.csv,2,0,12,2805.9992500000003,2805.84,2805.9992500000003,2805.84,0,1.0
healthy,HEALTHY,healthy_cc_10A_2.csv,2,0,13,2807.48075,2807.15,2807.48075,2807.15,0,1.0
healthy,HEALTHY,healthy_cc_10A_2.csv,2,0,14,2808.1264499999997,2807.81,2808.1264499999997,2807.81,0,1.0
healthy,HEALTHY,healthy_cc_10A_2.csv,2,0,15,2807.2557,2807.02,2807.2557,2807.02,0,1.0
healthy,HEALTHY,healthy_cc_10A_2.csv,2,0,16,2809.10005,2809.055,2809.10005,2809.055,0,1.0
healthy,HEALTHY,healthy_cc_10A_2.csv,2,0,17,3147.3520499999995,2811.23,2826.6689839572196,2811.09,13,0.935
healthy,HEALTHY,healthy_cc_10A_2.csv,2,0,18,2920.52215,2810.57,2825.6924352331607,2810.44,7,0.965
healthy,HEALTHY,healthy_cc_10A_2.csv,2,0,19,2809.11385,2808.99,2809.11385,2808.99,0,1.0
healthy,HEALTHY,healthy_cc_10A_2.csv,2,0,20,3150.2542,2810.96,2810.9909289617485,2810.96,17,0.915
healthy,HEALTHY,healthy_cc_10A_3.csv,3,0,0,2790.3639500000004,2790.7,2790.3639500000004,2790.7,0,1.0
healthy,HEALTHY,healthy_cc_10A_3.csv,3,0,1,2790.74745,2790.7,2790.74745,2790.7,0,1.0
healthy,HEALTHY,healthy_cc_10A_3.csv,3,0,2,2790.2183499999996,2790.18,2790.2183499999996,2790.18,0,1.0
healthy,HEALTHY,healthy_cc_10A_3.csv,3,0,3,2791.26745,2790.96,2791.26745,2790.96,0,1.0
healthy,HEALTHY,healthy_cc_10A_3.csv,3,0,4,2794.132,2794.99,2794.132,2794.99,0,1.0
healthy,HEALTHY,healthy_cc_10A_3.csv,3,0,5,2795.0589,2795.055,2795.0589,2795.055,0,1.0
healthy,HEALTHY,healthy_cc_10A_3.csv,3,0,6,2795.1941,2794.99,2795.1941,2794.99,0,1.0
healthy,HEALTHY,healthy_cc_10A_3.csv,3,0,7,2795.10115,2795.12,2795.10115,2795.12,0,1.0
healthy,HEALTHY,healthy_cc_10A_3.csv,3,0,8,2794.6728000000003,2794.535,2794.6728000000003,2794.535,0,1.0
healthy,HEALTHY,healthy_cc_10A_3.csv,3,0,9,2796.0092000000004,2796.03,2796.0092000000004,2796.03,0,1.0
healthy,HEALTHY,healthy_cc_10A_3.csv,3,0,10,2796.7644,2797.33,2796.7644,2797.33,0,1.0
healthy,HEALTHY,healthy_cc_10A_3.csv,3,0,11,2797.2108999999996,2797.2,2797.2108999999996,2797.2,0,1.0
healthy,HEALTHY,healthy_cc_10A_3.csv,3,0,12,2795.57435,2795.51,2795.57435,2795.51,0,1.0
healthy,HEALTHY,healthy_cc_10A_3.csv,3,0,13,2796.8869,2796.81,2796.8869,2796.81,0,1.0
healthy,HEALTHY,healthy_cc_10A_3.csv,3,0,14,2796.0365,2795.835,2796.0365,2795.835,0,1.0
healthy,HEALTHY,healthy_cc_10A_3.csv,3,0,15,2794.6689,2794.6,2794.6689,2794.6,0,1.0
healthy,HEALTHY,healthy_cc_10A_3.csv,3,0,16,2795.9673500000004,2795.12,2795.9673500000004,2795.12,0,1.0
healthy,HEALTHY,healthy_cc_10A_3.csv,3,0,17,2798.6799,2798.51,2798.6799,2798.51,0,1.0
healthy,HEALTHY,healthy_cc_10A_3.csv,3,0,18,2797.4127000000003,2797.46,2797.4127000000003,2797.46,0,1.0
healthy,HEALTHY,healthy_cc_10A_3.csv,3,0,19,2798.4255,2798.38,2798.4255,2798.38,0,1.0
healthy,HEALTHY,healthy_cc_10A_3.csv,3,0,20,2800.0705000000003,2800.07,2800.0705000000003,2800.07,0,1.0
healthy,HEALTHY,healthy_cc_10A_3.csv,3,0,21,2799.1834500000004,2799.29,2799.1834500000004,2799.29,0,1.0
healthy,HEALTHY,healthy_cc_20A_1.csv,1,0,0,2528.5571,2528.23,2528.5571,2528.23,0,1.0
healthy,HEALTHY,healthy_cc_20A_1.csv,1,0,1,2534.1859999999997,2534.64,2534.1859999999997,2534.64,0,1.0
healthy,HEALTHY,healthy_cc_20A_1.csv,1,0,2,2539.79185,2538.5,2539.79185,2538.5,0,1.0
healthy,HEALTHY,healthy_cc_20A_1.csv,1,0,3,2540.4446500000004,2540.65,2540.4446500000004,2540.65,0,1.0
healthy,HEALTHY,healthy_cc_20A_1.csv,1,0,4,2538.95635,2538.5550000000003,2538.95635,2538.5550000000003,0,1.0
healthy,HEALTHY,healthy_cc_20A_1.csv,1,0,5,2539.6125,2539.57,2539.6125,2539.57,0,1.0
healthy,HEALTHY,healthy_cc_20A_1.csv,1,0,6,2540.8318,2540.76,2540.8318,2540.76,0,1.0
healthy,HEALTHY,healthy_cc_20A_1.csv,1,0,7,2680.2165999999997,2541.94,2541.891623036649,2541.94,9,0.955
healthy,HEALTHY,healthy_cc_20A_1.csv,1,0,8,2542.2677,2542.215,2542.2677,2542.215,0,1.0
healthy,HEALTHY,healthy_cc_20A_1.csv,1,0,9,2540.9121,2540.76,2540.9121,2540.76,0,1.0
healthy,HEALTHY,healthy_cc_20A_1.csv,1,0,10,2652.1528000000003,2538.5,2538.85890625,2538.4449999999997,8,0.96
healthy,HEALTHY,healthy_cc_20A_1.csv,1,0,11,2540.8168,2540.87,2540.8168,2540.87,0,1.0
healthy,HEALTHY,healthy_cc_20A_1.csv,1,0,12,2542.47675,2542.59,2542.47675,2542.59,0,1.0
healthy,HEALTHY,healthy_cc_20A_1.csv,1,0,13,2543.7319,2543.56,2543.7319,2543.56,0,1.0
healthy,HEALTHY,healthy_cc_20A_1.csv,1,0,14,2545.3441000000003,2545.28,2545.3441000000003,2545.28,0,1.0
healthy,HEALTHY,healthy_cc_20A_1.csv,1,0,15,2765.3466500000004,2545.07,2583.2289247311824,2544.96,14,0.93
healthy,HEALTHY,healthy_cc_20A_1.csv,1,0,16,2543.0687,2543.02,2543.0687,2543.02,0,1.0
healthy,HEALTHY,healthy_cc_20A_1.csv,1,0,17,2544.3567500000004,2544.42,2544.3567500000004,2544.42,0,1.0
healthy,HEALTHY,healthy_cc_20A_1.csv,1,0,18,2633.14885,2546.47,2595.172051282051,2546.47,5,0.975
healthy,HEALTHY,healthy_cc_20A_1.csv,1,0,19,2545.6501000000003,2545.72,2545.6501000000003,2545.72,0,1.0
healthy,HEALTHY,healthy_cc_20A_1.csv,1,0,20,2549.9064500000004,2549.29,2549.9064500000004,2549.29,0,1.0
healthy,HEALTHY,healthy_cc_20A_2.csv,2,0,0,2518.71495,2518.52,2518.71495,2518.52,0,1.0
healthy,HEALTHY,healthy_cc_20A_2.csv,2,0,1,2615.33495,2528.13,2563.9095360824745,2528.13,6,0.97
healthy,HEALTHY,healthy_cc_20A_2.csv,2,0,2,2532.75275,2533.36,2532.75275,2533.36,0,1.0
healthy,HEALTHY,healthy_cc_20A_2.csv,2,0,3,2534.5377,2534.75,2534.5377,2534.75,0,1.0
healthy,HEALTHY,healthy_cc_20A_2.csv,2,0,4,2535.40105,2535.5,2535.40105,2535.5,0,1.0
healthy,HEALTHY,healthy_cc_20A_2.csv,2,0,5,2537.4577499999996,2537.53,2537.4577499999996,2537.53,0,1.0
healthy,HEALTHY,healthy_cc_20A_2.csv,2,0,6,2537.7212500000005,2537.75,2537.7212500000005,2537.75,0,1.0
healthy,HEALTHY,healthy_cc_20A_2.csv,2,0,7,2540.1191999999996,2540.2749999999996,2540.1191999999996,2540.2749999999996,0,1.0
healthy,HEALTHY,healthy_cc_20A_2.csv,2,0,8,2542.0820499999995,2541.73,2542.0820499999995,2541.73,0,1.0
healthy,HEALTHY,healthy_cc_20A_2.csv,2,0,9,2685.78745,2547.23,2547.1486387434556,2547.12,9,0.955
healthy,HEALTHY,healthy_cc_20A_2.csv,2,0,10,2549.87625,2550.04,2549.87625,2550.04,0,1.0
healthy,HEALTHY,healthy_cc_20A_2.csv,2,0,11,2545.1420499999995,2545.18,2545.1420499999995,2545.18,0,1.0
healthy,HEALTHY,healthy_cc_20A_2.csv,2,0,12,4769.922349999999,2545.5,2546.6517098445597,2545.5,7,0.965
healthy,HEALTHY,healthy_cc_20A_2.csv,2,0,13,2547.41695,2547.12,2547.41695,2547.12,0,1.0
healthy,HEALTHY,healthy_cc_20A_2.csv,2,0,14,2547.83895,2547.88,2547.83895,2547.88,0,1.0
healthy,HEALTHY,healthy_cc_20A_2.csv,2,0,15,2548.6666999999998,2548.74,2548.6666999999998,2548.74,0,1.0
healthy,HEALTHY,healthy_cc_20A_2.csv,2,0,16,2551.34315,2551.505,2551.34315,2551.505,0,1.0
healthy,HEALTHY,healthy_cc_20A_2.csv,2,0,17,2549.63695,2549.61,2549.63695,2549.61,0,1.0
healthy,HEALTHY,healthy_cc_20A_2.csv,2,0,18,2552.49885,2552.54,2552.49885,2552.54,0,1.0
healthy,HEALTHY,healthy_cc_20A_2.csv,2,0,19,2552.1582,2552.43,2552.1582,2552.43,0,1.0
healthy,HEALTHY,healthy_cc_20A_2.csv,2,0,20,2549.89765,2550.04,2549.89765,2550.04,0,1.0
healthy,HEALTHY,healthy_cc_20A_2.csv,2,0,21,2552.2152,2552.21,2552.2152,2552.21,0,1.0
healthy,HEALTHY,healthy_cc_20A_2.csv,2,0,22,2552.3124500000004,2552.5950000000003,2552.322211055277,2552.65,1,0.995
healthy,HEALTHY,healthy_cc_20A_3.csv,3,0,0,2513.31415,2512.56,2513.31415,2512.56,0,1.0
healthy,HEALTHY,healthy_cc_20A_3.csv,3,0,1,2519.2115,2519.0,2519.2115,2519.0,0,1.0
healthy,HEALTHY,healthy_cc_20A_3.csv,3,0,2,2521.6100500000002,2521.0600000000004,2521.6100500000002,2521.0600000000004,0,1.0
healthy,HEALTHY,healthy_cc_20A_3.csv,3,0,3,2524.9717499999997,2525.36,2524.9717499999997,2525.36,0,1.0
healthy,HEALTHY,healthy_cc_20A_3.csv,3,0,4,2525.4249,2525.36,2525.4249,2525.36,0,1.0
healthy,HEALTHY,healthy_cc_20A_3.csv,3,0,5,2526.1335999999997,2526.21,2526.1335999999997,2526.21,0,1.0
healthy,HEALTHY,healthy_cc_20A_3.csv,3,0,6,2526.81615,2526.95,2526.81615,2526.95,0,1.0
healthy,HEALTHY,healthy_cc_20A_3.csv,3,0,7,2527.40805,2526.85,2527.40805,2526.85,0,1.0
healthy,HEALTHY,healthy_cc_20A_3.csv,3,0,8,2532.3704000000002,2532.82,2532.3704000000002,2532.82,0,1.0
healthy,HEALTHY,healthy_cc_20A_3.csv,3,0,9,2533.0079499999997,2532.71,2533.0079499999997,2532.71,0,1.0
healthy,HEALTHY,healthy_cc_20A_3.csv,3,0,10,2536.8557,2536.89,2536.8557,2536.89,0,1.0
healthy,HEALTHY,healthy_cc_20A_3.csv,3,0,11,2538.5321500000005,2538.5,2538.5321500000005,2538.5,0,1.0
healthy,HEALTHY,healthy_cc_20A_3.csv,3,0,12,2538.03255,2538.18,2538.03255,2538.18,0,1.0
healthy,HEALTHY,healthy_cc_20A_3.csv,3,0,13,2536.8710499999997,2536.89,2536.8710499999997,2536.89,0,1.0
healthy,HEALTHY,healthy_cc_20A_3.csv,3,0,14,2537.68005,2537.53,2537.68005,2537.53,0,1.0
healthy,HEALTHY,healthy_cc_20A_3.csv,3,0,15,2540.815,2540.87,2540.815,2540.87,0,1.0
healthy,HEALTHY,healthy_cc_20A_3.csv,3,0,16,2542.0595999999996,2542.05,2542.0595999999996,2542.05,0,1.0
healthy,HEALTHY,healthy_cc_20A_3.csv,3,0,17,2543.70865,2543.56,2543.70865,2543.56,0,1.0
healthy,HEALTHY,healthy_cc_20A_3.csv,3,0,18,2544.6831,2544.96,2544.6831,2544.96,0,1.0
healthy,HEALTHY,healthy_cc_20A_3.csv,3,0,19,2543.0198,2543.02,2543.0198,2543.02,0,1.0
healthy,HEALTHY,healthy_cc_20A_3.csv,3,0,20,2542.9085499999997,2542.8,2542.9085499999997,2542.8,0,1.0
healthy,HEALTHY,healthy_cc_20A_3.csv,3,0,21,2543.2371500000004,2543.24,2543.2371500000004,2543.24,0,1.0
healthy,HEALTHY,healthy_cc_20A_3.csv,3,0,22,2543.0085,2542.965,2543.0085,2542.965,0,1.0
fault,F1,F1_repeat_cc_0.4_0.8A_1.csv,1,0,0,2914.66395,2914.46,2914.66395,2914.46,0,1.0
fault,F1,F1_repeat_cc_0.4_0.8A_1.csv,1,0,1,2916.2155500000003,2915.88,2916.2155500000003,2915.88,0,1.0
fault,F1,F1_repeat_cc_0.4_0.8A_1.csv,1,0,2,2919.1129499999997,2919.14,2919.1129499999997,2919.14,0,1.0
fault,F1,F1_repeat_cc_0.4_0.8A_1.csv,1,0,3,2919.3547000000003,2919.57,2919.3547000000003,2919.57,0,1.0
fault,F1,F1_repeat_cc_0.4_0.8A_1.csv,1,0,4,2915.8386499999997,2916.44,2915.8386499999997,2916.44,0,1.0
fault,F1,F1_repeat_cc_0.4_0.8A_1.csv,1,0,5,2883.4453500000004,2915.03,2883.4453500000004,2915.03,0,1.0
fault,F1,F1_repeat_cc_0.4_0.8A_1.csv,1,0,6,2792.80925,2793.625,2792.80925,2793.625,0,1.0
fault,F1,F1_repeat_cc_0.4_0.8A_1.csv,1,0,7,2795.00625,2795.12,2795.00625,2795.12,0,1.0
fault,F1,F1_repeat_cc_0.4_0.8A_1.csv,1,0,8,2796.4521000000004,2796.94,2796.4521000000004,2796.94,0,1.0
fault,F1,F1_repeat_cc_0.4_0.8A_1.csv,1,0,9,2796.77685,2796.68,2796.77685,2796.68,0,1.0
fault,F1,F1_repeat_cc_0.4_0.8A_1.csv,1,0,10,2893.1480000000006,2921.7,2893.1480000000006,2921.7,0,1.0
fault,F1,F1_repeat_cc_0.4_0.8A_1.csv,1,0,11,2921.5178499999993,2921.7,2921.5178499999993,2921.7,0,1.0
fault,F1,F1_repeat_cc_0.4_0.8A_1.csv,1,0,12,2920.401749999999,2920.56,2920.401749999999,2920.56,0,1.0
fault,F1,F1_repeat_cc_0.4_0.8A_1.csv,1,0,13,2919.2203499999996,2919.42,2919.2203499999996,2919.42,0,1.0
fault,F1,F1_repeat_cc_0.4_0.8A_1.csv,1,0,14,2920.06755,2919.85,2920.06755,2919.85,0,1.0
fault,F1,F1_repeat_cc_0.4_0.8A_1.csv,1,0,15,2841.5117999999998,2796.29,2841.5117999999998,2796.29,0,1.0
fault,F1,F1_repeat_cc_0.4_0.8A_1.csv,1,0,16,2796.9555999999993,2797.07,2796.9555999999993,2797.07,0,1.0
fault,F1,F1_repeat_cc_0.4_0.8A_1.csv,1,0,17,2799.1844500000007,2799.29,2799.1844500000007,2799.29,0,1.0
fault,F1,F1_repeat_cc_0.4_0.8A_1.csv,1,0,18,2801.8397999999997,2801.91,2801.8397999999997,2801.91,0,1.0
fault,F1,F1_repeat_cc_0.4_0.8A_1.csv,1,0,19,2802.73835,2802.69,2802.73835,2802.69,0,1.0
fault,F1,F1_repeat_cc_0.4_0.8A_1.csv,1,0,20,2805.69625,2806.1,2805.69625,2806.1,0,1.0
fault,F1,F1_repeat_cc_0.4_0.8A_1.csv,1,0,21,2805.8530000000005,2805.84,2805.8530000000005,2805.84,0,1.0
fault,F1,F1_repeat_cc_0.4_0.8A_2.csv,2,0,0,2922.6855,2922.48,2922.6855,2922.48,0,1.0
fault,F1,F1_repeat_cc_0.4_0.8A_2.csv,2,0,1,2923.2922,2923.12,2923.2922,2923.12,0,1.0
fault,F1,F1_repeat_cc_0.4_0.8A_2.csv,2,0,2,2924.7868499999995,2924.97,2924.7868499999995,2924.97,0,1.0
fault,F1,F1_repeat_cc_0.4_0.8A_2.csv,2,0,3,2927.5930000000003,2927.54,2927.5930000000003,2927.54,0,1.0
fault,F1,F1_repeat_cc_0.4_0.8A_2.csv,2,0,4,2931.0764,2930.9049999999997,2931.0764,2930.9049999999997,0,1.0
fault,F1,F1_repeat_cc_0.4_0.8A_2.csv,2,0,5,2896.2880999999998,2931.55,2896.2880999999998,2931.55,0,1.0
fault,F1,F1_repeat_cc_0.4_0.8A_2.csv,2,0,6,2808.8379499999996,2808.86,2808.8379499999996,2808.86,0,1.0
fault,F1,F1_repeat_cc_0.4_0.8A_2.csv,2,0,7,2812.11235,2812.15,2812.11235,2812.15,0,1.0
fault,F1,F1_repeat_cc_0.4_0.8A_2.csv,2,0,8,2814.2056000000007,2814.26,2814.2056000000007,2814.26,0,1.0
fault,F1,F1_repeat_cc_0.4_0.8A_2.csv,2,0,9,2818.21815,2819.68,2818.21815,2819.68,0,1.0
fault,F1,F1_repeat_cc_0.4_0.8A_2.csv,2,0,10,2852.4877,2818.62,2852.4877,2818.62,0,1.0
fault,F1,F1_repeat_cc_0.4_0.8A_2.csv,2,0,11,2936.50255,2936.14,2936.50255,2936.14,0,1.0
fault,F1,F1_repeat_cc_0.4_0.8A_2.csv,2,0,12,2935.7941499999997,2935.85,2935.7941499999997,2935.85,0,1.0
fault,F1,F1_repeat_cc_0.4_0.8A_2.csv,2,0,13,2931.5193499999996,2930.69,2931.5193499999996,2930.69,0,1.0
fault,F1,F1_repeat_cc_0.4_0.8A_2.csv,2,0,14,2929.1337,2929.12,2929.1337,2929.12,0,1.0
fault,F1,F1_repeat_cc_0.4_0.8A_2.csv,2,0,15,2872.4214,2927.11,2872.4214,2927.11,0,1.0
fault,F1,F1_repeat_cc_0.4_0.8A_2.csv,2,0,16,2805.6659999999997,2806.1,2805.6659999999997,2806.1,0,1.0
fault,F1,F1_repeat_cc_0.4_0.8A_2.csv,2,0,17,2807.27345,2807.28,2807.27345,2807.28,0,1.0
fault,F1,F1_repeat_cc_0.4_0.8A_2.csv,2,0,18,2807.6305999999995,2807.41,2807.6305999999995,2807.41,0,1.0
fault,F1,F1_repeat_cc_0.4_0.8A_2.csv,2,0,19,2808.27695,2808.2,2808.27695,2808.2,0,1.0
fault,F1,F1_repeat_cc_0.4_0.8A_2.csv,2,0,20,2809.1193000000003,2808.99,2809.1193000000003,2808.99,0,1.0
fault,F1,F1_repeat_cc_0.4_0.8A_2.csv,2,0,21,2806.9313499999994,2806.955,2806.9313499999994,2806.955,0,1.0
fault,F1,F1_repeat_cc_0.4_0.8A_3.csv,3,0,0,2931.98385,2931.76,2931.98385,2931.76,0,1.0
fault,F1,F1_repeat_cc_0.4_0.8A_3.csv,3,0,1,2932.86715,2932.84,2932.86715,2932.84,0,1.0
fault,F1,F1_repeat_cc_0.4_0.8A_3.csv,3,0,2,2930.05685,2929.97,2930.05685,2929.97,0,1.0
fault,F1,F1_repeat_cc_0.4_0.8A_3.csv,3,0,3,2933.54275,2933.7,2933.54275,2933.7,0,1.0
fault,F1,F1_repeat_cc_0.4_0.8A_3.csv,3,0,4,2938.4524,2938.3,2938.4524,2938.3,0,1.0
fault,F1,F1_repeat_cc_0.4_0.8A_3.csv,3,0,5,2899.2610499999996,2937.72,2899.2610499999996,2937.72,0,1.0
fault,F1,F1_repeat_cc_0.4_0.8A_3.csv,3,0,6,2813.9529500000003,2813.99,2813.9529500000003,2813.99,0,1.0
fault,F1,F1_repeat_cc_0.4_0.8A_3.csv,3,0,7,2814.0066,2814.13,2814.0066,2814.13,0,1.0
fault,F1,F1_repeat_cc_0.4_0.8A_3.csv,3,0,8,2814.15055,2814.13,2814.15055,2814.13,0,1.0
fault,F1,F1_repeat_cc_0.4_0.8A_3.csv,3,0,9,2814.0239,2813.86,2814.0239,2813.86,0,1.0
fault,F1,F1_repeat_cc_0.4_0.8A_3.csv,3,0,10,2862.3298999999997,2815.45,2862.3298999999997,2815.45,0,1.0
fault,F1,F1_repeat_cc_0.4_0.8A_3.csv,3,0,11,2936.329,2936.14,2936.329,2936.14,0,1.0
fault,F1,F1_repeat_cc_0.4_0.8A_3.csv,3,0,12,2940.7406500000006,2941.03,2940.7406500000006,2941.03,0,1.0
fault,F1,F1_repeat_cc_0.4_0.8A_3.csv,3,0,13,2936.7328500000003,2936.71,2936.7328500000003,2936.71,0,1.0
fault,F1,F1_repeat_cc_0.4_0.8A_3.csv,3,0,14,2936.2732499999997,2936.28,2936.2732499999997,2936.28,0,1.0
fault,F1,F1_repeat_cc_0.4_0.8A_3.csv,3,0,15,2903.8589,2936.86,2903.8589,2936.86,0,1.0
fault,F1,F1_repeat_cc_0.4_0.8A_3.csv,3,0,16,2814.9474,2814.92,2814.9474,2814.92,0,1.0
fault,F1,F1_repeat_cc_0.4_0.8A_3.csv,3,0,17,2817.8706999999995,2817.7,2817.8706999999995,2817.7,0,1.0
fault,F1,F1_repeat_cc_0.4_0.8A_3.csv,3,0,18,2815.7321,2815.45,2815.7321,2815.45,0,1.0
fault,F1,F1_repeat_cc_0.4_0.8A_3.csv,3,0,19,2813.76725,2813.73,2813.76725,2813.73,0,1.0
fault,F1,F1_repeat_cc_0.4_0.8A_3.csv,3,0,20,2816.5738,2816.175,2816.5738,2816.175,0,1.0
fault,F1,F1_repeat_cc_0.4_0.8A_3.csv,3,0,21,2816.8091999999997,2816.435,2816.8091999999997,2816.435,0,1.0
fault,F1,F1_repeat_cc_0.4_0.8A_3.csv,3,0,22,2819.5138500000003,2819.42,2819.5138500000003,2819.42,0,1.0
fault,F2,F2_stepup_cc_0.3_1A_1.csv,1,0,0,2938.6606000000006,2938.73,2938.6606000000006,2938.73,0,1.0
fault,F2,F2_stepup_cc_0.3_1A_1.csv,1,0,1,2937.9840000000004,2938.01,2937.9840000000004,2938.01,0,1.0
fault,F2,F2_stepup_cc_0.3_1A_1.csv,1,0,2,2942.21755,2942.19,2942.21755,2942.19,0,1.0
fault,F2,F2_stepup_cc_0.3_1A_1.csv,1,0,3,2939.63765,2939.45,2939.63765,2939.45,0,1.0
fault,F2,F2_stepup_cc_0.3_1A_1.csv,1,0,4,2941.5667500000004,2941.18,2941.5667500000004,2941.18,0,1.0
fault,F2,F2_stepup_cc_0.3_1A_1.csv,1,0,5,2822.37695,2734.86,2822.37695,2734.86,0,1.0
fault,F2,F2_stepup_cc_0.3_1A_1.csv,1,0,6,2733.435,2733.86,2733.435,2733.86,0,1.0
fault,F2,F2_stepup_cc_0.3_1A_1.csv,1,0,7,2736.7462999999993,2736.73,2736.7462999999993,2736.73,0,1.0
fault,F2,F2_stepup_cc_0.3_1A_1.csv,1,0,8,2738.0551499999997,2738.48,2738.0551499999997,2738.48,0,1.0
fault,F2,F2_stepup_cc_0.3_1A_1.csv,1,0,9,2738.2233499999998,2738.6,2738.2233499999998,2738.6,0,1.0
fault,F2,F2_stepup_cc_0.3_1A_1.csv,1,0,10,2836.8946,2801.91,2836.8946,2801.91,0,1.0
fault,F2,F2_stepup_cc_0.3_1A_1.csv,1,0,11,2943.8457999999996,2942.19,2943.8457999999996,2942.19,0,1.0
fault,F2,F2_stepup_cc_0.3_1A_1.csv,1,0,12,2939.6566500000004,2939.88,2939.6566500000004,2939.88,0,1.0
fault,F2,F2_stepup_cc_0.3_1A_1.csv,1,0,13,2943.82485,2944.06,2943.82485,2944.06,0,1.0
fault,F2,F2_stepup_cc_0.3_1A_1.csv,1,0,14,2943.13735,2943.92,2943.13735,2943.92,0,1.0
fault,F2,F2_stepup_cc_0.3_1A_1.csv,1,0,15,2940.7531999999997,2940.74,2940.7531999999997,2940.74,0,1.0
fault,F2,F2_stepup_cc_0.3_1A_1.csv,1,0,16,2939.7780000000002,2939.59,2939.7780000000002,2939.59,0,1.0
fault,F2,F2_stepup_cc_0.3_1A_1.csv,1,0,17,2939.2557,2939.3,2939.2557,2939.3,0,1.0
fault,F2,F2_stepup_cc_0.3_1A_1.csv,1,0,18,2939.5752500000003,2939.88,2939.5752500000003,2939.88,0,1.0
fault,F2,F2_stepup_cc_0.3_1A_1.csv,1,0,19,2938.1829000000002,2938.3,2938.1829000000002,2938.3,0,1.0
fault,F2,F2_stepup_cc_0.3_1A_2.csv,2,0,0,2942.9830000000006,2942.91,2942.9830000000006,2942.91,0,1.0
fault,F2,F2_stepup_cc_0.3_1A_2.csv,2,0,1,2943.2478499999997,2943.2,2943.2478499999997,2943.2,0,1.0
fault,F2,F2_stepup_cc_0.3_1A_2.csv,2,0,2,2947.66635,2949.56,2947.66635,2949.56,0,1.0
fault,F2,F2_stepup_cc_0.3_1A_2.csv,2,0,3,2949.6539000000002,2948.4,2949.6539000000002,2948.4,0,1.0
fault,F2,F2_stepup_cc_0.3_1A_2.csv,2,0,4,2949.20045,2949.13,2949.20045,2949.13,0,1.0
fault,F2,F2_stepup_cc_0.3_1A_2.csv,2,0,5,2761.7502499999996,2739.6,2761.7502499999996,2739.6,0,1.0
fault,F2,F2_stepup_cc_0.3_1A_2.csv,2,0,6,2742.2594,2741.6,2742.2594,2741.6,0,1.0
fault,F2,F2_stepup_cc_0.3_1A_2.csv,2,0,7,2744.4784500000005,2744.36,2744.4784500000005,2744.36,0,1.0
fault,F2,F2_stepup_cc_0.3_1A_2.csv,2,0,8,2742.4726499999997,2742.1,2742.4726499999997,2742.1,0,1.0
fault,F2,F2_stepup_cc_0.3_1A_2.csv,2,0,9,2740.0307499999994,2739.48,2740.0307499999994,2739.48,0,1.0
fault,F2,F2_stepup_cc_0.3_1A_2.csv,2,0,10,2944.361,2952.9,2944.361,2952.9,0,1.0
fault,F2,F2_stepup_cc_0.3_1A_2.csv,2,0,11,2951.7598,2952.61,2951.7598,2952.61,0,1.0
fault,F2,F2_stepup_cc_0.3_1A_2.csv,2,0,12,2952.7142500000004,2952.9,2952.7142500000004,2952.9,0,1.0
fault,F2,F2_stepup_cc_0.3_1A_2.csv,2,0,13,2947.6489,2947.68,2947.6489,2947.68,0,1.0
fault,F2,F2_stepup_cc_0.3_1A_2.csv,2,0,14,2947.5557999999996,2947.82,2947.5557999999996,2947.82,0,1.0
fault,F2,F2_stepup_cc_0.3_1A_2.csv,2,0,15,2947.0710500000005,2947.39,2947.0710500000005,2947.39,0,1.0
fault,F2,F2_stepup_cc_0.3_1A_2.csv,2,0,16,2949.3038500000002,2949.56,2949.3038500000002,2949.56,0,1.0
fault,F2,F2_stepup_cc_0.3_1A_2.csv,2,0,17,2946.7906000000007,2946.52,2946.7906000000007,2946.52,0,1.0
fault,F2,F2_stepup_cc_0.3_1A_2.csv,2,0,18,2944.6803500000005,2944.35,2944.6803500000005,2944.35,0,1.0
fault,F2,F2_stepup_cc_0.3_1A_2.csv,2,0,19,2946.2677000000003,2946.23,2946.2677000000003,2946.23,0,1.0
fault,F2,F2_stepup_cc_0.3_1A_2.csv,2,0,20,2947.0347,2947.1,2947.0347,2947.1,0,1.0
fault,F2,F2_stepup_cc_0.3_1A_3.csv,3,0,0,2957.03825,2957.27,2957.03825,2957.27,0,1.0
fault,F2,F2_stepup_cc_0.3_1A_3.csv,3,0,1,2957.90345,2958.0,2957.90345,2958.0,0,1.0
fault,F2,F2_stepup_cc_0.3_1A_3.csv,3,0,2,2950.3135,2947.97,2950.3135,2947.97,0,1.0
fault,F2,F2_stepup_cc_0.3_1A_3.csv,3,0,3,2944.0308499999996,2943.92,2944.0308499999996,2943.92,0,1.0
fault,F2,F2_stepup_cc_0.3_1A_3.csv,3,0,4,2942.96795,2942.91,2942.96795,2942.91,0,1.0
fault,F2,F2_stepup_cc_0.3_1A_3.csv,3,0,5,2892.5262,2944.35,2892.5262,2944.35,0,1.0
fault,F2,F2_stepup_cc_0.3_1A_3.csv,3,0,6,2732.9471499999995,2733.24,2732.9471499999995,2733.24,0,1.0
fault,F2,F2_stepup_cc_0.3_1A_3.csv,3,0,7,2738.9963499999994,2738.6,2738.9963499999994,2738.6,0,1.0
fault,F2,F2_stepup_cc_0.3_1A_3.csv,3,0,8,2743.6191999999996,2743.74,2743.6191999999996,2743.74,0,1.0
fault,F2,F2_stepup_cc_0.3_1A_3.csv,3,0,9,2744.0416999999993,2743.86,2744.0416999999993,2743.86,0,1.0
fault,F2,F2_stepup_cc_0.3_1A_3.csv,3,0,10,2810.1907999999994,2747.63,2810.1907999999994,2747.63,0,1.0
fault,F2,F2_stepup_cc_0.3_1A_3.csv,3,0,11,2956.77485,2956.98,2956.77485,2956.98,0,1.0
fault,F2,F2_stepup_cc_0.3_1A_3.csv,3,0,12,2955.2262,2954.7200000000003,2955.2262,2954.7200000000003,0,1.0
fault,F2,F2_stepup_cc_0.3_1A_3.csv,3,0,13,2956.8856500000006,2956.98,2956.8856500000006,2956.98,0,1.0
fault,F2,F2_stepup_cc_0.3_1A_3.csv,3,0,14,2954.6385999999998,2954.5,2954.6385999999998,2954.5,0,1.0
fault,F2,F2_stepup_cc_0.3_1A_3.csv,3,0,15,2957.7715000000003,2957.7,2957.7715000000003,2957.7,0,1.0
fault,F2,F2_stepup_cc_0.3_1A_3.csv,3,0,16,2957.84725,2957.7,2957.84725,2957.7,0,1.0
fault,F2,F2_stepup_cc_0.3_1A_3.csv,3,0,17,2954.4383500000004,2955.23,2954.4383500000004,2955.23,0,1.0
fault,F2,F2_stepup_cc_0.3_1A_3.csv,3,0,18,2950.841,2950.87,2950.841,2950.87,0,1.0
fault,F2,F2_stepup_cc_0.3_1A_3.csv,3,0,19,2952.5240000000003,2952.47,2952.5240000000003,2952.47,0,1.0
fault,F2,F2_stepup_cc_0.3_1A_3.csv,3,0,20,2949.6888,2949.27,2949.6888,2949.27,0,1.0
fault,F3,F3_spike_cc_0.2_1A_1.csv,1,0,0,2982.6023,2982.55,2982.6023,2982.55,0,1.0
fault,F3,F3_spike_cc_0.2_1A_1.csv,1,0,1,2983.2455,2983.0,2983.2455,2983.0,0,1.0
fault,F3,F3_spike_cc_0.2_1A_1.csv,1,0,2,2982.65135,2982.55,2982.65135,2982.55,0,1.0
fault,F3,F3_spike_cc_0.2_1A_1.csv,1,0,3,2982.2016500000004,2982.11,2982.2016500000004,2982.11,0,1.0
fault,F3,F3_spike_cc_0.2_1A_1.csv,1,0,4,2981.93615,2981.81,2981.93615,2981.81,0,1.0
fault,F3,F3_spike_cc_0.2_1A_1.csv,1,0,5,2983.1353500000005,2983.0,2983.1353500000005,2983.0,0,1.0
fault,F3,F3_spike_cc_0.2_1A_1.csv,1,0,6,2984.09625,2984.04,2984.09625,2984.04,0,1.0
fault,F3,F3_spike_cc_0.2_1A_1.csv,1,0,7,2893.9407999999994,2984.33,2893.9407999999994,2984.33,0,1.0
fault,F3,F3_spike_cc_0.2_1A_1.csv,1,0,8,2727.71765,2727.77,2727.71765,2727.77,0,1.0
fault,F3,F3_spike_cc_0.2_1A_1.csv,1,0,9,2790.7664499999996,2735.23,2790.7664499999996,2735.23,0,1.0
fault,F3,F3_spike_cc_0.2_1A_1.csv,1,0,10,2994.0307000000003,2994.01,2994.0307000000003,2994.01,0,1.0
fault,F3,F3_spike_cc_0.2_1A_1.csv,1,0,11,2993.1882500000006,2992.67,2993.1882500000006,2992.67,0,1.0
fault,F3,F3_spike_cc_0.2_1A_1.csv,1,0,12,2991.9743,2992.07,2991.9743,2992.07,0,1.0
fault,F3,F3_spike_cc_0.2_1A_1.csv,1,0,13,2986.6589999999997,2986.56,2986.6589999999997,2986.56,0,1.0
fault,F3,F3_spike_cc_0.2_1A_1.csv,1,0,14,2988.3509999999997,2988.35,2988.3509999999997,2988.35,0,1.0
fault,F3,F3_spike_cc_0.2_1A_1.csv,1,0,15,2988.172,2987.9,2988.172,2987.9,0,1.0
fault,F3,F3_spike_cc_0.2_1A_1.csv,1,0,16,2987.7961,2987.75,2987.7961,2987.75,0,1.0
fault,F3,F3_spike_cc_0.2_1A_1.csv,1,0,17,2985.8946,2985.82,2985.8946,2985.82,0,1.0
fault,F3,F3_spike_cc_0.2_1A_1.csv,1,0,18,2986.318300000001,2986.26,2986.318300000001,2986.26,0,1.0
fault,F3,F3_spike_cc_0.2_1A_1.csv,1,0,19,2986.89355,2987.16,2986.89355,2987.16,0,1.0
fault,F3,F3_spike_cc_0.2_1A_1.csv,1,0,20,2982.7317499999995,2981.81,2982.7317499999995,2981.81,0,1.0
fault,F3,F3_spike_cc_0.2_1A_2.csv,2,0,0,2994.3991499999997,2994.91,2994.3991499999997,2994.91,0,1.0
fault,F3,F3_spike_cc_0.2_1A_2.csv,2,0,1,2996.7772499999996,2996.7,2996.7772499999996,2996.7,0,1.0
fault,F3,F3_spike_cc_0.2_1A_2.csv,2,0,2,2996.9524,2996.85,2996.9524,2996.85,0,1.0
fault,F3,F3_spike_cc_0.2_1A_2.csv,2,0,3,2963.22585,2995.7349999999997,2963.22585,2995.7349999999997,0,1.0
fault,F3,F3_spike_cc_0.2_1A_2.csv,2,0,4,2734.0345999999995,2733.49,2734.0345999999995,2733.49,0,1.0
fault,F3,F3_spike_cc_0.2_1A_2.csv,2,0,5,2739.8071999999997,2739.48,2739.8071999999997,2739.48,0,1.0
fault,F3,F3_spike_cc_0.2_1A_2.csv,2,0,6,2845.4716000000003,2743.23,2845.4716000000003,2743.23,0,1.0
fault,F3,F3_spike_cc_0.2_1A_2.csv,2,0,7,2999.1592499999997,2998.35,2999.1592499999997,2998.35,0,1.0
fault,F3,F3_spike_cc_0.2_1A_2.csv,2,0,8,2996.2618000000007,2996.25,2996.2618000000007,2996.25,0,1.0
fault,F3,F3_spike_cc_0.2_1A_2.csv,2,0,9,2995.5478000000003,2995.51,2995.5478000000003,2995.51,0,1.0
fault,F3,F3_spike_cc_0.2_1A_2.csv,2,0,10,2996.2742,2996.25,2996.2742,2996.25,0,1.0
fault,F3,F3_spike_cc_0.2_1A_2.csv,2,0,11,2997.90935,2998.05,2997.90935,2998.05,0,1.0
fault,F3,F3_spike_cc_0.2_1A_2.csv,2,0,12,2995.8927499999995,2995.81,2995.8927499999995,2995.81,0,1.0
fault,F3,F3_spike_cc_0.2_1A_2.csv,2,0,13,2997.2379499999997,2997.3,2997.2379499999997,2997.3,0,1.0
fault,F3,F3_spike_cc_0.2_1A_2.csv,2,0,14,2995.7987000000007,2995.51,2995.7987000000007,2995.51,0,1.0
fault,F3,F3_spike_cc_0.2_1A_2.csv,2,0,15,2996.3122500000004,2996.4,2996.3122500000004,2996.4,0,1.0
fault,F3,F3_spike_cc_0.2_1A_2.csv,2,0,16,2997.9172500000004,2997.9,2997.9172500000004,2997.9,0,1.0
fault,F3,F3_spike_cc_0.2_1A_2.csv,2,0,17,2998.6785,2998.65,2998.6785,2998.65,0,1.0
fault,F3,F3_spike_cc_0.2_1A_2.csv,2,0,18,2997.3705,2997.45,2997.3705,2997.45,0,1.0
fault,F3,F3_spike_cc_0.2_1A_2.csv,2,0,19,2998.6814999999997,2998.5,2998.6814999999997,2998.5,0,1.0
fault,F3,F3_spike_cc_0.2_1A_3.csv,3,0,0,2993.708600000001,2994.385,2993.708600000001,2994.385,0,1.0
fault,F3,F3_spike_cc_0.2_1A_3.csv,3,0,1,2992.95,2993.27,2992.95,2993.27,0,1.0
fault,F3,F3_spike_cc_0.2_1A_3.csv,3,0,2,2993.15,2993.12,2993.15,2993.12,0,1.0
fault,F3,F3_spike_cc_0.2_1A_3.csv,3,0,3,2994.05545,2993.71,2994.05545,2993.71,0,1.0
fault,F3,F3_spike_cc_0.2_1A_3.csv,3,0,4,2994.31285,2994.31,2994.31285,2994.31,0,1.0
fault,F3,F3_spike_cc_0.2_1A_3.csv,3,0,5,2994.5082,2994.46,2994.5082,2994.46,0,1.0
fault,F3,F3_spike_cc_0.2_1A_3.csv,3,0,6,2993.9014,2993.71,2993.9014,2993.71,0,1.0
fault,F3,F3_spike_cc_0.2_1A_3.csv,3,0,7,2993.0507000000007,2992.97,2993.0507000000007,2992.97,0,1.0
fault,F3,F3_spike_cc_0.2_1A_3.csv,3,0,8,2994.4917999999993,2994.535,2994.4917999999993,2994.535,0,1.0
fault,F3,F3_spike_cc_0.2_1A_3.csv,3,0,9,2994.9089999999997,2994.91,2994.9089999999997,2994.91,0,1.0
fault,F3,F3_spike_cc_0.2_1A_3.csv,3,0,10,2765.5377500000004,2737.6,2765.5377500000004,2737.6,0,1.0
fault,F3,F3_spike_cc_0.2_1A_3.csv,3,0,11,2793.3873,2745.43,2793.3873,2745.43,0,1.0
fault,F3,F3_spike_cc_0.2_1A_3.csv,3,0,12,2999.7967500000004,2999.55,2999.7967500000004,2999.55,0,1.0
fault,F3,F3_spike_cc_0.2_1A_3.csv,3,0,13,2997.0382999999997,2997.3,2997.0382999999997,2997.3,0,1.0
fault,F3,F3_spike_cc_0.2_1A_3.csv,3,0,14,2997.7517000000003,2998.05,2997.7517000000003,2998.05,0,1.0
fault,F3,F3_spike_cc_0.2_1A_3.csv,3,0,15,2998.66875,2998.65,2998.66875,2998.65,0,1.0
fault,F3,F3_spike_cc_0.2_1A_3.csv,3,0,16,2999.7705,2999.7,2999.7705,2999.7,0,1.0
fault,F3,F3_spike_cc_0.2_1A_3.csv,3,0,17,2999.9017500000004,3000.0,2999.9017500000004,3000.0,0,1.0
fault,F3,F3_spike_cc_0.2_1A_3.csv,3,0,18,3000.741,3000.825,3000.741,3000.825,0,1.0
fault,F3,F3_spike_cc_0.2_1A_3.csv,3,0,19,3000.0727500000003,3000.15,3000.0727500000003,3000.15,0,1.0
fault,F4,F4_UV_cc_1A_9V_12V_1.csv,1,0,0,3323.6003,2773.54,2773.6022666666663,2773.16,50,0.75
fault,F4,F4_UV_cc_1A_9V_12V_1.csv,1,0,1,3184.6722000000004,2776.11,2791.3720496894407,2776.11,39,0.805
fault,F4,F4_UV_cc_1A_9V_12V_1.csv,1,0,2,3119.4738500000003,2772.965,2773.7157647058825,2772.9,30,0.85
fault,F4,F4_UV_cc_1A_9V_12V_1.csv,1,0,3,2859.8022499999997,2773.67,2773.2595312500002,2773.67,8,0.96
fault,F4,F4_UV_cc_1A_9V_12V_1.csv,1,0,4,3103.9532500000005,2773.93,2744.525722891567,2773.8,34,0.83
fault,F4,F4_UV_cc_1A_9V_12V_1.csv,1,0,5,2558.9483,2179.84,2493.6605434782605,2178.97,16,0.92
fault,F4,F4_UV_cc_1A_9V_12V_1.csv,1,0,6,2575.8186,2078.86,2134.7468452380954,2078.57,32,0.84
fault,F4,F4_UV_cc_1A_9V_12V_1.csv,1,0,7,2402.26465,1981.31,2260.8361363636363,1981.18,24,0.88
fault,F4,F4_UV_cc_1A_9V_12V_1.csv,1,0,8,2256.83135,1980.59,2074.0506077348064,1980.52,19,0.905
fault,F4,F4_UV_cc_1A_9V_12V_1.csv,1,0,9,2406.7946,1980.0,2078.703136094675,1979.87,31,0.845
fault,F4,F4_UV_cc_1A_9V_12V_1.csv,1,0,10,2423.8283500000002,2273.33,2246.13627027027,2273.16,15,0.925
fault,F4,F4_UV_cc_1A_9V_12V_1.csv,1,0,11,2627.1732500000007,2363.97,2435.76,2337.54,25,0.875
fault,F4,F4_UV_cc_1A_9V_12V_1.csv,1,1,12,3171.1169999999997,2474.23,2620.081632653062,2473.41,53,0.735
fault,F4,F4_UV_cc_1A_9V_12V_1.csv,1,1,13,3535.9092499999997,2868.34,2825.4826470588237,2863.28,64,0.68
fault,F4,F4_UV_cc_1A_9V_12V_1.csv,1,1,14,3230.375,2772.13,2874.639936305732,2772.0,43,0.785
fault,F4,F4_UV_cc_1A_9V_12V_1.csv,1,1,15,3400.1708999999996,2772.835,2783.349391891892,2772.64,52,0.74
fault,F4,F4_UV_cc_1A_9V_12V_1.csv,1,1,16,3112.8576499999995,2772.77,2790.089640718562,2772.64,33,0.835
fault,F4,F4_UV_cc_1A_9V_12V_1.csv,1,1,17,2768.4430000000007,2768.55,2768.4430000000007,2768.55,0,1.0
fault,F4,F4_UV_cc_1A_9V_12V_1.csv,1,1,18,2771.00625,2771.23,2771.00625,2771.23,0,1.0
fault,F4,F4_UV_cc_1A_9V_12V_2.csv,2,0,0,3778.7221499999996,2780.74,2914.9648695652177,2779.06,85,0.575
fault,F4,F4_UV_cc_1A_9V_12V_2.csv,2,0,1,3751.9541999999997,2782.16,2899.6389599999993,2780.09,75,0.625
fault,F4,F4_UV_cc_1A_9V_12V_2.csv,2,0,2,2420.8272,2321.98,2421.2424747474747,2321.98,2,0.99
fault,F4,F4_UV_cc_1A_9V_12V_2.csv,2,0,3,2390.71605,1986.49,2214.2141011235954,1986.49,22,0.89
fault,F4,F4_UV_cc_1A_9V_12V_2.csv,2,0,4,2480.9018499999997,1890.84,2240.0697633136097,1890.78,31,0.845
fault,F4,F4_UV_cc_1A_9V_12V_2.csv,2,0,5,2295.4865000000004,1892.33,2012.3117582417583,1892.27,18,0.91
fault,F4,F4_UV_cc_1A_9V_12V_2.csv,2,0,6,2358.67315,1892.09,1936.032584269663,1891.88,22,0.89
fault,F4,F4_UV_cc_1A_9V_12V_2.csv,2,0,7,2776.92665,2861.91,2579.217472527472,2817.96,18,0.91
fault,F4,F4_UV_cc_1A_9V_12V_2.csv,2,0,8,3733.5620999999996,2970.74,3096.2490551181104,2914.18,73,0.635
fault,F4,F4_UV_cc_1A_9V_12V_2.csv,2,1,9,3974.9404999999997,3389.64,3061.902427184468,2778.55,97,0.515
fault,F4,F4_UV_cc_1A_9V_12V_2.csv,2,1,10,3604.44055,2777.52,3136.3717557251907,2777.01,69,0.655
fault,F4,F4_UV_cc_1A_9V_12V_2.csv,2,1,11,4046.6964000000003,3473.23,3039.460430107527,2775.59,107,0.465
fault,F4,F4_UV_cc_1A_9V_12V_2.csv,2,1,12,4765.78695,4997.195,3495.935087719298,3472.62,143,0.285
fault,F4,F4_UV_cc_1A_9V_12V_2.csv,2,1,13,4137.0878999999995,3478.26,3227.690531914893,2779.58,106,0.47
fault,F4,F4_UV_cc_1A_9V_12V_2.csv,2,1,14,3876.4492499999997,3121.59,3136.535294117647,2779.06,81,0.595
fault,F4,F4_UV_cc_1A_9V_12V_2.csv,2,1,15,4123.95455,3913.64,3337.480873786407,2779.32,97,0.515
fault,F4,F4_UV_cc_1A_9V_12V_2.csv,2,1,16,3645.2765499999996,2797.2,2991.9743548387096,2793.69,76,0.62
fault,F4,F4_UV_cc_1A_9V_12V_2.csv,2,1,17,3917.4025500000002,3477.86,3217.5090090090084,2779.06,89,0.555
fault,F4,F4_UV_cc_1A_9V_12V_2.csv,2,1,18,4726.3628499999995,4910.39,3486.8442647058823,3476.25,132,0.34
fault,F4,F4_UV_cc_1A_9V_12V_3.csv,3,0,0,2775.6223499999996,2775.525,2775.6223499999996,2775.525,0,1.0
fault,F4,F4_UV_cc_1A_9V_12V_3.csv,3,0,1,2779.5203500000002,2778.94,2779.5203500000002,2778.94,0,1.0
fault,F4,F4_UV_cc_1A_9V_12V_3.csv,3,0,2,2777.3251,2777.14,2777.3251,2777.14,0,1.0
fault,F4,F4_UV_cc_1A_9V_12V_3.csv,3,0,3,2776.14995,2774.885,2776.14995,2774.885,0,1.0
fault,F4,F4_UV_cc_1A_9V_12V_3.csv,3,0,4,2757.5305999999996,2774.69,2757.5305999999996,2774.69,0,1.0
fault,F4,F4_UV_cc_1A_9V_12V_3.csv,3,0,5,2042.62215,1977.945,2042.62215,1977.945,0,1.0
fault,F4,F4_UV_cc_1A_9V_12V_3.csv,3,0,6,1978.89655,1978.96,1978.89655,1978.96,0,1.0
fault,F4,F4_UV_cc_1A_9V_12V_3.csv,3,0,7,1977.9848000000002,1977.845,1977.9848000000002,1977.845,0,1.0
fault,F4,F4_UV_cc_1A_9V_12V_3.csv,3,0,8,2003.0810000000001,1978.3,2003.0810000000001,1978.3,0,1.0
fault,F4,F4_UV_cc_1A_9V_12V_3.csv,3,0,9,2480.1236,2472.9,2480.1236,2472.9,0,1.0
fault,F4,F4_UV_cc_1A_9V_12V_3.csv,3,0,10,2753.7933500000004,2674.27,2753.7933500000004,2674.27,0,1.0
fault,F4,F4_UV_cc_1A_9V_12V_3.csv,3,0,11,2864.6613,2869.03,2864.6613,2869.03,0,1.0
fault,F4,F4_UV_cc_1A_9V_12V_3.csv,3,0,12,2772.2753500000003,2772.0,2772.2753500000003,2772.0,0,1.0
fault,F4,F4_UV_cc_1A_9V_12V_3.csv,3,0,13,2773.6358499999997,2773.54,2773.6358499999997,2773.54,0,1.0
fault,F4,F4_UV_cc_1A_9V_12V_3.csv,3,0,14,2772.9246500000004,2772.9,2772.9246500000004,2772.9,0,1.0
fault,F4,F4_UV_cc_1A_9V_12V_3.csv,3,0,15,2773.4499,2773.03,2773.4499,2773.03,0,1.0
fault,F4,F4_UV_cc_1A_9V_12V_3.csv,3,0,16,2774.9461499999998,2775.08,2774.9461499999998,2775.08,0,1.0
fault,F4,F4_UV_cc_1A_9V_12V_3.csv,3,0,17,2774.9564,2775.08,2774.9564,2775.08,0,1.0
fault,F4,F4_UV_cc_1A_9V_12V_3.csv,3,0,18,2773.1402000000003,2773.03,2773.1402000000003,2773.03,0,1.0
fault,F4,F4_UV_cc_1A_9V_12V_3.csv,3,0,19,2773.9517499999997,2773.54,2773.9517499999997,2773.54,0,1.0
fault,F4,F4_UV_cc_1A_9V_12V_3.csv,3,0,20,2772.71135,2772.77,2772.71135,2772.77,0,1.0
fault,F4,F4_UV_cc_1A_9V_12V_3.csv,3,0,21,2773.52105,2773.28,2773.52105,2773.28,0,1.0
