ax_mean,ax_std,ax_rms,ax_peak,ax_p2p,ax_crest,ay_mean,ay_std,ay_rms,ay_peak,ay_p2p,ay_crest,az_mean,az_std,az_rms,az_peak,az_p2p,az_crest,acc_mag_rms,acc_mag_std,acc_mag_peak,acc_mag_p2p,acs_mean,acs_std,acs_rms,acs_min,acs_max,acs_p2p,dominant_frequency_Hz,dominant_amplitude,spectral_energy,spectral_centroid_Hz,rpm_mean,rpm_median,rpm_std,rpm_min,rpm_max,rpm_p2p,rpm_cv_percent,rpm_slope_rpm_per_s,window,segment,start_time_s,prediction,confidence_percent
-0.9053990000000001,0.8900852500738342,0.8900852500738342,2.246199,3.7577,2.52357737622736,1.4007375000000002,2.4130964927337137,2.4130964927337137,31.398837500000003,33.104600000000005,13.011844986119616,10.746916999999998,0.8288294965256725,0.8288294965256726,10.591316999999998,11.3066,12.778643912164313,2.7022665986082406,2.3209759224830253,33.14940028861904,32.87218647908523,1589.195,30.871296943925113,1589.4948206898946,1486.0,1641.0,155.0,57.0,29.93442379243133,4762.671580306736,50.91317688966995,1694.0063,1693.81,1.1013288836673736,1692.24,1696.21,3.9700000000000273,0.06501326964766149,2.9775144378580296,0,0,16.005,HEALTHY,72.03627566684071
-0.9265325,0.8977096714939358,0.8977096714939358,2.2577325,3.7972,2.514991841675008,1.5375965,0.9726967624279161,0.9726967624279161,3.4591034999999994,5.138,3.5561992530599627,10.8624425,0.8055861088944806,0.8055861088944806,10.194557499999998,10.9104,12.65483278254408,1.5495130282689622,0.89984058296193,10.781656420261903,10.584907542311482,1604.425,10.259355486579066,1604.457800940866,1587.0,1629.0,42.0,57.0,29.45260303004248,2638.8111627869557,55.178656050864085,1695.72425,1695.78,0.5667084237065864,1694.39,1696.78,2.3899999999998727,0.033419845455803704,-0.9167794194877341,1,0,17.01,HEALTHY,48.47511823243031
-0.9269655,0.9063090850585963,0.9063090850585963,2.3084655,3.7805,2.547106211398895,1.5347439999999997,0.9391375904328395,0.9391375904328397,1.6269439999999997,3.2178,1.7323808742978295,10.810617,0.3560322215909678,0.35603222159096787,0.6891170000000013,1.3527000000000005,1.9355467236100392,1.3528246428250597,0.5961898715221093,2.766217765544725,2.5051490178646363,1604.7,11.21695145750395,1604.7392031105865,1580.0,1634.0,54.0,57.0,29.82314473811889,2685.842252127482,55.06315475352767,1695.3317499999998,1695.2,0.4123450466538756,1694.82,1696.16,1.3400000000001455,0.024322380953101106,0.08130053251073492,2,0,18.01,HEALTHY,52.50155547536459
-0.9380565,0.9211908632079184,0.9211908632079184,2.2452565,3.778,2.4373412608340557,1.5372739999999998,0.944830990984102,0.944830990984102,1.615074,3.1436,1.709378730600059,10.8001165,0.3622865095166393,0.3622865095166393,0.709716499999999,1.4065999999999992,1.9589923482022524,1.3684113865937757,0.6053584681264178,2.673376488196247,2.5160406081799582,1604.555,10.057682387110859,1604.5865215063973,1584.0,1626.0,42.0,56.0,30.89790717150253,2772.2633975925924,55.489998086502396,1694.54725,1694.58,0.6281050369962052,1693.43,1695.87,2.439999999999827,0.03706624509857752,-1.0892627315716665,3,0,19.01,HEALTHY,49.66827365173578
-0.9142185,0.894103385693036,0.894103385693036,2.3064185000000004,3.8630000000000004,2.5795881515561567,1.5442615000000002,0.9429670279854699,0.9429670279854699,1.6663615000000003,3.1747,1.7671471541905037,10.800502000000002,0.36607042846425064,0.36607042846425064,0.7173020000000019,1.4006000000000007,1.9594644752083588,1.3500426803518102,0.5879656344049043,2.7373612956693347,2.511035689675449,1605.665,9.83019709873612,1605.6950909185716,1584.0,1625.0,41.0,56.0,29.850607622564194,2567.8951743477055,55.58401290741101,1693.425,1693.62,0.825932805983628,1691.86,1694.48,2.6200000000001182,0.04877291914218982,-2.5081317032950987,4,0,20.01,HEALTHY,49.26813984901479
-0.9258265,0.9184474481143436,0.9184474481143436,2.3096265,3.8413999999999997,2.514707297343875,1.5269945,0.9436654876171694,0.9436654876171694,1.6059945,3.146,1.701868428032972,10.809115499999997,0.36815944563429304,0.368159445634293,0.7463154999999979,1.4461000000000013,2.027152932920651,1.3673301155453461,0.6039984260809846,2.7592050788175837,2.5962410491277463,1606.295,10.111774077776856,1606.3268269564571,1583.0,1627.0,44.0,56.0,29.126725524735637,2721.708618367823,54.79698902870399,1693.6893499999999,1693.53,0.6388693743638036,1692.24,1696.3,4.059999999999945,0.03772057575752033,0.12013650340999099,5,0,21.01,HEALTHY,48.84534450919983
-0.9380255,0.8976966590668309,0.8976966590668309,2.3218255,3.7936000000000005,2.586425466274512,1.524125,0.9422646569170469,0.9422646569170469,1.627125,3.1914999999999996,1.7268237623638742,10.805251499999999,0.3582188245999225,0.35821882459992244,0.6845485000000018,1.3671000000000006,1.910978577869383,1.3498306196232548,0.5854934259567072,2.7880129433931073,2.541184302981383,1606.12,10.218395177326038,1606.1525052123786,1583.0,1629.0,46.0,56.0,29.92592334890013,2603.973984400957,55.378816118031665,1769.8149489795917,1693.72,347.7164945367944,1692.86,3510.21,1817.3500000000001,19.647053763291726,-326.77267803169934,6,0,22.01,HEALTHY,48.313540803490774
-0.922974,0.8906128421620699,0.8906128421620699,2.261374,3.7805,2.539121257796196,1.5417135000000002,0.942596969318144,0.942596969318144,1.6542135000000002,3.1675000000000004,1.754953128267138,10.802614499999999,0.3549799948444278,0.3549799948444278,0.6763855000000003,1.339599999999999,1.9054186428067037,1.344504026744249,0.5893538719840977,2.6781080649160702,2.462635137455332,1606.13,10.450507164726504,1606.1639984758717,1583.0,1631.0,48.0,56.0,29.778263919234604,2597.690944695494,55.960273773366595,1693.4774,1693.43,0.6400111249033169,1692.43,1694.68,2.25,0.03779271721626264,-1.9392274806899796,7,0,23.01,HEALTHY,51.10083843070197
-0.9229379999999999,0.9162772993783049,0.9162772993783049,2.251738,3.7469,2.4574853066072975,1.5416899999999998,0.9506359047500783,0.9506359047500783,1.6410899999999997,3.1592000000000002,1.7263076134615822,10.804866499999997,0.36140538876412726,0.3614053887641273,0.7156664999999975,1.3802000000000003,1.9802319562730155,1.3688997654261432,0.6008210229791676,2.709509934723667,2.498943840904528,1606.865,10.350206519678727,1606.898333747347,1579.0,1629.0,50.0,56.0,30.133892097422862,2611.650810299806,55.9325298167493,1693.13115,1693.15,0.4635592491796453,1692.38,1694.25,1.8699999999998909,0.027378815231155915,1.5061111527772315,8,0,24.01,HEALTHY,50.85784085337748
-0.926823,0.8942256368339034,0.8942256368339034,2.3214230000000002,3.8463000000000003,2.596014813687554,1.5300905,0.9485805229709021,0.9485805229709021,1.6497905,3.1723,1.7392202981703089,10.8075665,0.37084045791654124,0.37084045791654124,0.6896664999999995,1.3478999999999992,1.859739101485014,1.355347609788168,0.5904807096983486,2.767757478852058,2.5653546840553947,1608.46,10.48228982617825,1608.4941560353896,1587.0,1639.0,52.0,56.0,30.26933597713944,2648.290598766687,55.47391521280434,1693.0847999999999,1692.91,0.5665677011620142,1692.14,1694.25,2.1099999999999,0.03346363402246681,-0.8365259131507466,9,0,25.01,HEALTHY,51.671625905275185
-0.934832,0.911132469444482,0.911132469444482,2.335432,3.8415,2.563218937224259,1.519101,0.953835462225535,0.953835462225535,1.588501,3.1041,1.6653826188152334,10.806173,0.36272938214459555,0.36272938214459555,0.7169729999999994,1.4006000000000007,1.976605798408112,1.3680413263297275,0.5968326500867898,2.779145556093455,2.601281197229741,1609.405,10.02751090749843,1609.4362382523889,1591.0,1631.0,40.0,56.0,30.48398182325119,2672.4575856605493,54.90033158775221,1692.6122499999997,1692.62,0.31147782826389636,1691.71,1693.05,1.3399999999999181,0.018402196265795454,0.31629040725716273,10,0,26.01,HEALTHY,49.091894089073115
-0.922394,0.9075333772176095,0.9075333772176095,2.355294,3.9013,2.5952698370401035,1.5367920000000002,0.9456076810369087,0.9456076810369086,1.6708920000000003,3.2262,1.7670034132630767,10.8038645,0.3643785144458301,0.3643785144458301,0.7146355,1.4268999999999998,1.961244891419745,1.3603537844949563,0.5996278407801598,2.811870681194327,2.571106898493834,1609.305,10.016085812332081,1609.336169046107,1588.0,1635.0,47.0,56.0,30.76658843443839,2751.568236515996,55.01550938879862,1692.8694,1693.05,0.5872381458999346,1691.76,1694.44,2.6800000000000637,0.0346889220101642,1.6392679816968605,11,0,27.01,HEALTHY,50.05999021641625
-0.9311500000000001,0.9289753492962017,0.9289753492962017,2.35335,3.8463,2.533274969871821,1.5347865,0.9512724454475437,0.9512724454475437,1.6341865,3.1688,1.7178953388386717,10.798547,0.3651333089311355,0.3651333089311355,0.7235530000000008,1.4281000000000006,1.9816132417994865,1.378853436141329,0.6069535322140744,2.787702091811686,2.5677560539040893,1609.29,9.94263043666011,1609.3207138417129,1587.0,1637.0,50.0,56.0,30.06120769790729,2705.354459527074,54.798024160279496,1693.5081,1693.385,0.4642083476199041,1692.67,1694.48,1.8099999999999454,0.027411049738699452,-0.09114827870954045,12,0,28.01,HEALTHY,49.865990485976006
-0.920813,0.8901603921378438,0.8901603921378438,2.287913,3.7864,2.570225568568895,1.536469,0.9547139532022143,0.9547139532022143,1.6789690000000002,3.2286,1.7586094707933781,10.8020955,0.3635993663769919,0.3635993663769919,0.6937044999999991,1.356399999999999,1.9078814875621735,1.3550161458077723,0.584900998234691,2.7565039125403485,2.5076428684811183,1608.62,10.125492580610585,1608.6518672478517,1580.0,1640.0,60.0,56.0,29.422071619901196,2538.119829363031,55.998274047135006,1694.148,1694.2,0.27629694171310043,1693.48,1694.63,1.150000000000091,0.016308902274954754,0.5132558313931905,13,0,29.01,HEALTHY,51.26836077131711
-0.925467,0.9149992496778344,0.9149992496778344,2.322467,3.8295000000000003,2.538217381946189,1.524057,0.9591523848435138,0.9591523848435138,1.660557,3.2011000000000003,1.731275474304243,10.808882999999998,0.3700766809878731,0.3700766809878731,0.7148829999999986,1.3958000000000013,1.9317158759955058,1.3762825560447245,0.6013740484217747,2.7882978697095835,2.5645784829166622,1609.855,10.105145966288662,1609.88671495854,1581.0,1645.0,64.0,56.0,31.42350327797137,2587.680913902192,54.256296403736876,1694.6406,1694.605,0.29486715652982587,1694.15,1695.11,0.959999999999809,0.01739998183271579,0.14623265581432743,14,0,30.01,HEALTHY,51.48485110117122
-0.9396455,0.9186267828012364,0.9186267828012364,2.3474455,3.8547,2.555385433942783,1.521977,0.9519063968011772,0.9519063968011772,1.6129769999999999,3.1567999999999996,1.6944701762907675,10.803586000000001,0.3638062444543798,0.36380624445437987,0.6952860000000012,1.364700000000001,1.9111436667140216,1.3719897732325668,0.6096168814874756,2.8115266550035143,2.6236543662133647,1608.855,10.090291125631609,1608.8866414387312,1588.0,1631.0,43.0,57.0,30.263521076343075,2797.4314355816327,53.899427521679684,1694.83555,1694.92,0.30670620714291535,1693.96,1695.35,1.3899999999998727,0.018096517219202496,0.22974124352821831,15,0,31.01,HEALTHY,49.70698288448261
-0.9270940000000002,0.9004563198534397,0.9004563198534397,2.3085940000000003,3.7972,2.563804538987246,1.5403935000000002,0.9544442315335925,0.9544442315335925,1.6289935000000002,3.2262,1.706745607737131,10.7985115,0.35992533505957863,0.35992533505957863,0.6986115000000002,1.3755000000000006,1.9409900664101865,1.3606364767598655,0.584211956909821,2.8014779734294715,2.5526581484345567,1608.525,10.423980765523313,1608.5587757368396,1578.0,1631.0,53.0,56.0,29.35377519477278,2553.7702821542525,56.38400237157527,1694.9057500000001,1694.92,0.34569124591173495,1694.01,1695.54,1.5299999999999727,0.020395897878789714,-0.5691787294697463,16,0,32.01,HEALTHY,52.06885689367739
-0.9127805000000001,0.9111350516634458,0.9111350516634458,2.3349805,3.8739,2.562716137127049,1.54748,0.9570656588238865,0.9570656588238866,1.68518,3.2177999999999995,1.7607778363616915,10.802876999999999,0.3635951511929168,0.3635951511929168,0.6941230000000012,1.3850999999999996,1.9090546112143076,1.3705266110662537,0.5988514789043232,2.7409089097978523,2.4901844269302034,1608.975,9.7341858930267,1609.004445301504,1589.0,1627.0,38.0,56.0,29.994414962341267,2634.156820340817,55.83857137335718,1694.23375,1694.2,0.5253012825988481,1693.19,1695.35,2.1599999999998545,0.031005242493773254,-1.5237245931178436,17,0,33.01,HEALTHY,49.45999021641626
-0.9264094999999999,0.923181927281806,0.9231819272818061,2.3294094999999997,3.8282999999999996,2.5232399282973996,1.5206124999999997,0.9578794870409064,0.9578794870409064,1.6451124999999998,3.2046,1.717452479415863,10.806832,0.3653265152928268,0.3653265152928268,0.6997319999999991,1.3862999999999985,1.9153605629723598,1.3795874185166739,0.610361551504222,2.7933144188706183,2.5833417121430537,1608.89,10.347361982650458,1608.9232734969062,1579.0,1637.0,58.0,56.0,29.74456173079365,2765.9620858393037,54.48328539438972,1694.2682,1694.1,0.717091876958595,1693.34,1695.63,2.290000000000191,0.04232457865635411,2.1947438685946548,18,0,34.01,HEALTHY,52.034561274062305
-0.942134,0.903301289738922,0.903301289738922,2.366734,3.838,2.6200936795784373,1.5202635,0.9539289862551352,0.9539289862551352,1.6339635,3.207,1.712877502983209,10.8028825,0.3547833318290897,0.3547833318290897,0.7053825000000007,1.4078,1.9882064254918423,1.360810399506669,0.592986354739482,2.832502362434055,2.6119894417366503,1609.23,9.528751229830695,1609.2582111022457,1589.0,1628.0,39.0,56.0,29.688639872499774,2717.734128713795,55.32400836478645,1695.6709000000003,1695.78,0.2680320689768189,1695.01,1696.35,1.3399999999999181,0.015806844888168976,0.17713942848278472,19,0,35.01,HEALTHY,48.715132517081145
-0.9259625,0.9186553481277677,0.9186553481277677,2.3325625,3.8689999999999998,2.539105122235226,1.5390300000000001,0.9460060249279599,0.94600602492796,1.6228300000000002,3.1388000000000003,1.715454190816154,10.798983,0.3619665647694549,0.3619665647694548,0.7313829999999992,1.4078,2.020581653628242,1.367433670001858,0.6013466461029078,2.737906339960381,2.55755617446212,1609.165,10.403738510746992,1609.1986313068999,1583.0,1629.0,46.0,57.0,29.13376705079976,2552.201961779205,55.83562754588024,1696.9932500000002,1697.12,0.4540065390498015,1695.92,1697.74,1.8199999999999363,0.026753585440001098,0.9758568964200237,20,0,36.01,HEALTHY,51.05784085337748
-0.9171769999999999,0.9099066569549867,0.9099066569549867,2.2902769999999997,3.7923999999999998,2.517046097524375,1.538753,0.950145750393591,0.950145750393591,1.597453,3.1436,1.6812715305396744,10.797645,0.3590849183340899,0.35908491833408995,0.6797449999999987,1.3239999999999998,1.8929923405125275,1.363689499093177,0.5931635563476406,2.6912104445700638,2.493718697494394,1609.365,9.728400433781497,1609.3944031840051,1588.0,1628.0,40.0,57.0,28.70927186825598,2444.136532847945,56.42873113178695,1696.83845,1696.69,0.5163023314880447,1695.97,1697.84,1.8699999999998909,0.030427312127919114,-1.2358193954884507,21,0,37.01,HEALTHY,49.64440236965272
-0.9256345,0.917543127520309,0.917543127520309,2.3202345,3.8115,2.528747075105354,1.5194285000000003,0.9540284929381041,0.9540284929381041,1.5697285000000003,3.1364,1.6453685729717948,10.803761,0.3621773257383737,0.3621773257383737,0.721760999999999,1.4017999999999997,1.992838724866443,1.3723076081828374,0.6003810402952813,2.7705749610006043,2.5628888123929032,1609.63,10.018138549650828,1609.661175527322,1589.0,1639.0,50.0,57.0,28.815864474244744,2509.464305465224,55.162077925058455,1697.6841000000004,1697.84,0.7677898084762391,1696.54,1699.72,3.1800000000000637,0.04522571710933966,2.2230525763111997,22,0,38.01,HEALTHY,49.42967809807781
-0.9293689999999999,0.9130704474677733,0.9130704474677733,2.329969,3.9169000000000005,2.5517954353486356,1.5409225,0.9383037999729885,0.9383037999729885,1.6750224999999999,3.1975,1.7851600942554209,10.7977265,0.35095624164238765,0.35095624164238765,0.7133264999999991,1.4078,2.032522620660083,1.3554637385893067,0.599349889185593,2.757260113821237,2.517679759723702,1609.445,10.014837742070512,1609.476158568371,1581.0,1637.0,56.0,57.0,31.492003749739972,2642.052835282725,55.31881127644476,1698.7586000000003,1698.71,0.3743915597339219,1698.03,1699.38,1.3500000000001364,0.02203912667367346,0.5989049726219589,23,0,39.01,HEALTHY,50.46836077131711
-0.913878,0.9143269342067968,0.9143269342067968,2.231878,3.8259,2.441006511457758,1.5397044999999998,0.8954531872910777,0.8954531872910777,1.5553044999999999,3.0359000000000003,1.7368909085075708,10.7956395,0.3471636168865482,0.3471636168865482,0.7028394999999996,1.3789999999999996,2.0245194652113705,1.326028932616291,0.5809272646413189,2.66868016492507,2.4033326909131625,1609.695,10.868393395529996,1609.7316903757596,1583.0,1636.0,53.0,57.0,31.33080981613325,2675.8966598960624,54.14491576352039,1699.2839,1699.48,0.48454699462487605,1698.37,1700.1,1.7300000000000182,0.028514775819677693,1.3475646891148607,24,0,40.01,HEALTHY,51.86902021744629
-0.934813,0.8743410740843643,0.8743410740843643,2.233713,3.7613,2.554738724060527,1.5164505,0.8903229544383039,0.8903229544383039,1.5553495000000002,3.0622,1.746949791922702,10.800782,0.3490734210391848,0.3490734210391848,0.6996819999999992,1.3659,2.0043978081088487,1.295762142642989,0.5570502860161665,2.632909859460299,2.3621211319562727,1609.48,10.265456638649836,1609.5127368244093,1587.0,1640.0,53.0,57.0,31.86208151837703,2654.4343244949678,55.115657324591766,1700.6496500000003,1700.58,0.4699876354756487,1699.67,1701.4,1.7300000000000182,0.027635770570125867,1.3069781744520723,25,0,41.01,HEALTHY,49.871521941075926
-0.923647,0.8841608110468366,0.8841608110468366,2.272747,3.7648,2.5705131596016932,1.5342560000000003,0.8789829000407232,0.8789829000407232,1.5150560000000002,3.0202,1.7236467284287416,10.798174,0.35597540929676585,0.35597540929676585,0.7538260000000001,1.4580000000000002,2.11763503970455,1.2965607468911744,0.5640932698586465,2.648376214366267,2.38910331678343,1609.91,9.977569844406002,1609.9409181706017,1587.0,1630.0,43.0,57.0,28.222395333157593,2078.8580528413104,55.69470118787416,1701.2339499999998,1701.21,0.22506198590610313,1700.68,1701.79,1.1099999999999,0.013229337793670479,0.23618240455797007,26,0,42.01,HEALTHY,48.885087260169556
-0.923117,0.8773367360432368,0.8773367360432368,2.239917,3.7673,2.5530869824304414,1.5398865000000002,0.8905218281815162,0.8905218281815164,1.6092865,3.1315999999999997,1.8071275167799445,10.7937235,0.359030223515723,0.359030223515723,0.716523500000001,1.4222000000000001,1.9957191708920914,1.3006350665257722,0.5504197473211521,2.652170964648301,2.4033311655334892,1609.25,9.805483159946785,1609.2798731109515,1571.0,1631.0,60.0,57.0,31.01699171269927,2533.7796666421873,55.173126333146286,1700.2358999999997,1700.39,1.1968739240204214,1695.06,1701.45,6.3900000000001,0.07039458018857392,-3.216176404413032,27,0,43.01,HEALTHY,49.884504060816845
-0.9215129999999999,0.8924697208482761,0.8924697208482761,2.377213,3.905,2.6636343446369275,1.356994,2.3907388334914375,2.3907388334914375,31.355094,33.0232,13.115231810665405,10.7485135,0.8343603314322595,0.8343603314322595,10.5929135,11.342600000000001,12.695849863591008,2.6848261648126774,2.320740944239807,33.1089251165979,32.80598955895032,1609.995,9.997748496536609,1610.0260417148538,1591.0,1631.0,40.0,56.0,30.930243080057174,20559.78428543318,49.78881966750804,1699.3606000000002,1699.86,1.451155622254214,1694.01,1700.73,6.720000000000027,0.08539421369744678,1.7392244806089925,28,0,44.01,HEALTHY,66.941095860077
-0.934821,0.8858308279570091,0.8858308279570091,2.233721,3.8092,2.521611271027482,1.5351805,0.895066650797442,0.895066650797442,1.5495805,3.0012,1.7312459341652735,10.793351499999998,0.36952968797885505,0.36952968797885505,0.7029514999999975,1.3442999999999987,1.9022869416657566,1.3123996172761174,0.5553896483016245,2.6464641195137144,2.4007126831527024,1610.83,9.644226252012134,1610.8588702924908,1589.0,1629.0,40.0,57.0,27.421122727844338,2268.2138858513176,54.983204431586394,1697.93685,1698.03,0.8290902107129228,1695.92,1698.95,3.0299999999999727,0.04882927246163028,-0.540918022952904,29,0,45.015,HEALTHY,49.22287126917425
-0.905744,0.87630228789157,0.87630228789157,2.234544,3.7493000000000003,2.5499693780058843,1.5454430000000001,0.9003050729341693,0.9003050729341693,1.5957430000000001,2.9904,1.772446971557475,10.8010665,0.37694855143341516,0.3769485514334151,0.7633665000000001,1.4365000000000006,2.0251211925265684,1.3116955189916408,0.5565297430326721,2.636996661129333,2.387680854756672,1611.355,9.980429599972139,1611.3859081548405,1587.0,1640.0,53.0,57.0,28.37903465394704,2316.2625506586696,55.36196078590107,1696.9792000000002,1697.02,0.5869253444859767,1695.97,1698.08,2.1099999999999,0.03458647840150172,-0.731022275559543,30,0,46.015,HEALTHY,49.851909482522636
-0.928626,0.8989726874738742,0.8989726874738743,2.235826,3.7792,2.4870900208133153,1.523121,0.9152602265798508,0.9152602265798508,1.581821,3.0515,1.7282745978277203,10.800814999999998,0.3783218706009474,0.3783218706009474,0.7547850000000018,1.4963999999999995,1.9950868788025908,1.3375277989477452,0.5789030809960647,2.677472179601872,2.4668651489927282,1611.595,9.537346329037234,1611.6232205450503,1591.0,1629.0,38.0,57.0,28.81411451058981,2598.3639085028776,53.99379125665468,1697.59865,1697.7,0.7787943743376731,1695.01,1698.47,3.4600000000000364,0.04587623666746396,-1.5059701492554682,31,0,47.02,HEALTHY,48.24534450919983
-0.9179179999999999,0.8803460562051721,0.8803460562051721,2.161718,3.7146000000000003,2.4555320998634578,1.5412080000000004,0.9136961964657618,0.9136961964657618,1.6023080000000003,3.0431,1.7536551057100107,10.792322500000001,0.3769514238516019,0.37695142385160185,0.6950774999999982,1.381499999999999,1.8439444873237465,1.3236095700982786,0.565252079410475,2.5853361651426012,2.29522111642184,1611.52,9.27521428323896,1611.5466918460663,1591.0,1629.0,38.0,57.0,28.4254835470411,2285.84650744073,56.569580815476556,1697.6912,1698.03,1.5012746450932983,1694.2,1699.67,5.470000000000027,0.0884303720896532,0.8909622740544647,32,0,48.02,HEALTHY,48.824834437274546
-0.9215575,0.8756927245008662,0.8756927245008662,2.2323575,3.8343,2.549247512901761,1.5372135,0.9146131906810386,0.9146131906810386,1.6030135,3.0957,1.7526682496306065,10.798008500000002,0.3805954544890808,0.3805954544890808,0.7184085000000024,1.4305000000000003,1.8875908567126976,1.3221981456231324,0.5668630088564894,2.663091741221235,2.3648926923281346,1611.61,10.052258452706038,1611.641349680505,1591.0,1639.0,48.0,57.0,28.93773793242942,2428.1726769195066,54.263259264212095,1696.7699499999999,1696.83,2.0911923626247253,1692.43,1699.91,7.480000000000018,0.12324548549582255,-0.5426760669042147,33,0,49.02,HEALTHY,49.2380544995165
-0.921427,0.8633221809214681,0.8633221809214681,2.174827,3.7805,2.5191371750447735,1.5193475,0.9081052497336143,0.9081052497336143,1.6007475,3.0549999999999997,1.7627334501915577,10.800398,0.3694953193154144,0.36949531931541435,0.7626980000000003,1.4628000000000014,2.064161466004754,1.306333465720277,0.5544395923940769,2.5907966917705543,2.411898154634976,1611.115,9.890994641591915,1611.145361225982,1591.0,1629.0,38.0,57.0,28.74864284090199,2326.7713894785184,53.87841664462488,1697.8061500000001,1698.47,1.8119874937482296,1694.63,1700.39,5.759999999999991,0.10672522853967925,0.9558223955577025,34,0,50.02,HEALTHY,48.07171916953864
-0.936327,0.849089713853018,0.849089713853018,2.202827,3.7074000000000003,2.594339519205766,1.5341255,0.8751544593383216,0.8751544593383216,1.4982255,2.9329,1.7119555114108245,10.791033000000002,0.3587719508420355,0.3587719508420355,0.7059669999999976,1.3826999999999998,1.9677318651669884,1.271049166075707,0.5307671210241142,2.605762034601059,2.3485355189222714,1610.245,9.930003776434328,1610.2756177126946,1589.0,1631.0,42.0,57.0,31.602889943174066,2514.346977412344,55.091530209169065,1700.6061,1700.63,0.5690006941999446,1699.62,1701.74,2.1200000000001182,0.0334587000599342,-1.0331958298978108,35,0,51.02,HEALTHY,49.25255200225125
-0.933886,0.890021154301402,0.890021154301402,2.1872860000000003,3.6943,2.457566305507481,1.5294144999999997,0.877682847297217,0.877682847297217,1.5198144999999996,2.9496,1.7316215130330925,10.7958935,0.36345145619153874,0.36345145619153874,0.7465065000000006,1.4377000000000013,2.053937292815776,1.3017533547302653,0.5627911987146914,2.5800150345004775,2.3340880708537477,1610.185,9.808709140350732,1610.2148754125953,1580.0,1629.0,49.0,57.0,25.787658522755706,2043.4888277723235,55.031120696845655,1700.9127999999996,1701.02,0.6687631568799404,1699.33,1701.93,2.6000000000001364,0.03931789782991465,0.9878406960141708,36,0,52.02,HEALTHY,48.84440236965272
-0.9108355,0.8546481190465173,0.8546481190465173,2.1821355000000002,3.7266,2.5532560727267333,1.5253284999999999,0.9014908273175885,0.9014908273175885,1.5265285,2.9856,1.6933378063781623,10.800412000000001,0.36148537364048355,0.36148537364048355,0.6885120000000011,1.3371999999999993,1.904674573872975,1.2937468046273581,0.5394451430680397,2.599641260273521,2.368293939743328,1610.25,9.975344605576291,1610.280897856023,1589.0,1634.0,45.0,57.0,31.25934804023068,2355.276443483859,54.19137019865501,1700.4373,1700.49,0.9644271408457917,1698.85,1701.93,3.0800000000001546,0.05671641882037001,-3.0737178429488914,37,0,53.02,HEALTHY,49.037194876601305
-0.9364275000000001,0.8895983183964267,0.8895983183964267,2.2748275000000002,3.747,2.5571400630574055,1.531301,0.884951925021354,0.884951925021354,1.518101,2.9986999999999995,1.7154615489009395,10.7926115,0.36588849301084886,0.36588849301084886,0.7346114999999998,1.4533000000000005,2.0077469339223466,1.3070575607105068,0.5614938771378197,2.714347980526723,2.4270964296353483,1610.145,9.133125149695475,1610.1709024199884,1593.0,1629.0,36.0,57.0,29.15582843444801,2324.087420712926,56.35839658186702,1702.1051,1702.61,1.0988503037265973,1699.81,1703.34,3.5299999999999727,0.06455831098365179,2.885373134325842,38,0,54.02,HEALTHY,48.62287126917425
-0.91408,0.8482735130251327,0.8482735130251327,2.21178,3.6799,2.6073901472088865,1.536635,0.9029146617344299,0.9029146617344299,1.549835,3.0012,1.7164800458804,10.796572,0.36615581685397275,0.3661558168539728,0.6932280000000013,1.3767000000000014,1.8932595580653269,1.291856385784039,0.5334150406396524,2.634178131639734,2.33806294592816,1611.205,13.122232089092162,1611.2584351990217,1583.0,1687.0,104.0,57.0,33.74747128534964,2711.911327100552,55.72688379021525,1702.4307500000002,1702.66,0.9212132964194566,1700.1,1703.82,3.7200000000000273,0.054111645740624485,-2.0227420685537103,39,0,55.02,HEALTHY,55.6573093496331
-0.933912,0.8958671713797756,0.8958671713797756,2.214812,3.7037999999999998,2.472254895319853,1.5264350000000002,0.9026684902415725,0.9026684902415726,1.5587350000000002,3.0334000000000003,1.7268078113404077,10.792723,0.36569123775529544,0.36569123775529544,0.7347230000000007,1.4174000000000007,2.0091348223433374,1.3232983312171145,0.5726131946914804,2.633040603959232,2.3447359486065995,1609.625,9.789503307114208,1609.6547688867945,1583.0,1630.0,47.0,57.0,26.616800240164196,2150.6972543809215,56.73110521377425,1775.748775510204,1699.065,348.84799922867205,1698.51,3525.06,1826.55,19.64512120406457,-65.00887196934698,40,0,56.025,HEALTHY,48.122142554340805
-0.914682,0.8579278507986554,0.8579278507986554,2.243482,3.7469,2.6150007811397145,1.531982,0.9060092576657262,0.9060092576657262,1.6073819999999999,3.0514,1.7741341894687863,10.795053000000003,0.35319609905971505,0.35319609905971505,0.6795530000000021,1.3562999999999992,1.9240104910816405,1.2967808051259089,0.5315667935173845,2.6316618355816543,2.3478831005485308,1619.125,17.393371582301114,1619.2184210291086,1589.0,1678.0,89.0,57.0,31.24763337729722,2176.885816792388,55.146435912799824,1789.984081632653,1700.0749999999998,346.4382168696607,1698.66,3525.26,1826.6000000000001,19.354262444259994,-76.26824717564406,41,0,57.025,HEALTHY,55.62427142862768
-0.9332650000000001,0.8867750476727455,0.8867750476727455,2.311165,3.802,2.6062584937018998,1.5207715,0.9203149343228925,0.9203149343228925,1.5641285000000003,3.1100000000000003,1.6995578814015266,10.796144,0.32338785082930993,0.32338785082930993,0.6816560000000003,1.2965,2.107859025167247,1.3183054523048707,0.5530616640523287,2.729765234607777,2.4009773953052114,1625.54,9.7097064837203,1625.5689988431743,1607.0,1655.0,48.0,58.0,28.843796871164656,2104.666845371331,56.02095069943956,1750.2584,1750.29,0.47962739704897733,1749.37,1751.11,1.740000000000009,0.02740323354819936,0.7295612390277855,42,0,58.025,HEALTHY,49.05872597707977
-0.9262585,0.896654990019991,0.896654990019991,2.2993585,3.814,2.5643737285717165,1.5290885000000003,0.9180060594123277,0.9180060594123277,1.5247114999999996,3.049,1.660894810406874,10.787339499999998,0.3237863457432231,0.3237863457432231,0.6509605000000018,1.2498000000000005,2.010463098762794,1.3234662420837375,0.5641468572892824,2.71370158914254,2.4070455400993964,1624.415,8.994041082850357,1624.4398988574492,1607.0,1645.0,38.0,58.0,29.521225108907124,2375.2495883772076,55.811403624562026,1750.4682999999995,1750.44,0.5582052579472747,1749.63,1751.93,2.2999999999999545,0.03188890983899993,-0.8448631215812524,43,0,59.025,HEALTHY,48.04503522372775
-0.92119,0.8994039477898682,0.8994039477898682,2.29189,3.7853000000000003,2.5482320881867695,1.5335295,0.9238208154613914,0.9238208154613914,1.5634295,3.1064,1.6923514536952315,10.788231000000001,0.3274529884410891,0.3274529884410891,0.6644689999999986,1.2857000000000003,2.029204262765618,1.3302623124853046,0.5687720480957862,2.700960449734733,2.3776841952228227,1624.535,9.080130780996493,1624.5603759171279,1607.0,1654.0,47.0,58.0,29.102042498435466,2344.331612410985,55.801750304646404,1750.6715499999998,1750.65,0.524931516961972,1749.58,1751.93,2.3500000000001364,0.029984580315020944,0.2844926123136614,44,0,60.025,HEALTHY,48.452552002251245
-0.9107785000000002,0.8986419869935691,0.8986419869935691,2.2886785,3.8104,2.5468190148301835,1.5369454999999999,0.9269987138501056,0.9269987138501056,1.5501455,3.0896999999999997,1.6722196879451727,10.7931955,0.3186624476303256,0.3186624476303256,0.6523044999999996,1.230599999999999,2.047007750209482,1.329823218250174,0.5542914288798582,2.716166942485817,2.370035855103088,1623.67,9.920236892332763,1623.7003048592435,1605.0,1653.0,48.0,58.0,28.922246783792037,2321.399327403658,55.01619884676839,1750.51845,1750.5,0.5226462450835987,1749.48,1751.52,2.0399999999999636,0.02985665447191366,-0.8801725043161063,45,0,61.025,HEALTHY,49.05255200225125
-0.9214685,0.8967667941319806,0.8967667941319806,2.3029685,3.7913,2.5680795888848036,1.520439,0.9237297553824928,0.9237297553824928,1.5752609999999998,3.1243999999999996,1.7053266832870666,10.795349000000002,0.3281404179600556,0.3281404179600556,0.6896509999999978,1.2857000000000003,2.101694769231228,1.3285870230947427,0.5576603390650711,2.7171007696098153,2.443674974531425,1623.435,9.235571178871396,1623.461269941479,1606.0,1645.0,39.0,58.0,29.14448654659243,2393.6331644183533,55.30435707585515,1750.76085,1750.65,0.5586553297875078,1749.93,1751.88,1.9500000000000455,0.03190928845521693,0.2246141153505689,46,0,62.031,HEALTHY,48.6668756096783
-0.9258230000000001,0.889316761773329,0.889316761773329,2.284523,3.7420999999999998,2.568851840197615,1.5239819999999997,0.9276798152250592,0.9276798152250593,1.5561180000000001,3.0848999999999998,1.6774300512537064,10.7924525,0.32628474097596105,0.32628474097596105,0.6482475000000001,1.2043,1.9867539562561387,1.3258717413614147,0.5540370238569705,2.696757979428123,2.461277234335769,1624.055,9.238072039121583,1624.0812741362422,1599.0,1643.0,44.0,58.0,29.865261604495522,2305.0781564702615,55.59490131850209,1749.5778,1749.53,0.5539550162242509,1748.25,1750.6,2.349999999999909,0.03166221109025566,1.0133203330060354,47,0,63.031,HEALTHY,48.65872597707977
-0.925351,0.8992300720054907,0.8992300720054907,2.308051,3.8104,2.566696857515578,1.5287169999999997,0.9253346131594775,0.9253346131594775,1.5873830000000002,3.1197,1.715469169125765,10.7921475,0.33201501621726387,0.33201501621726387,0.6952524999999987,1.331199999999999,2.0940393236462524,1.3323261011117924,0.5710912630485305,2.803312053544209,2.532442844060647,1623.485,8.755556806965505,1623.508609462851,1607.0,1643.0,36.0,58.0,29.221521349707732,2351.1313931943287,55.04776419971412,1749.74055,1749.73,0.6201315969211767,1748.56,1751.21,2.650000000000091,0.035441345685288984,1.2844326108131507,48,0,64.031,HEALTHY,48.64440236965272
-0.915264,0.9023484661725757,0.9023484661725757,2.323064,3.8403,2.574464397167502,1.5370395000000001,0.9329843416637549,0.9329843416637548,1.5754604999999997,3.1101,1.6886248028456106,10.78869,0.3270512715156448,0.3270512715156448,0.7023099999999989,1.289299999999999,2.1474003043782792,1.3385272019625714,0.5648467373528383,2.807550002984141,2.4726688777228776,1622.17,8.892755478477973,1622.1943749131915,1596.0,1643.0,47.0,58.0,27.838277230612253,2318.9947534096086,55.41443417831685,1751.86715,1751.72,0.9826313538148562,1750.09,1754.03,3.9400000000000546,0.0560905176979234,0.7583064576586616,49,0,65.031,HEALTHY,49.02287126917425
-0.9170345000000001,0.8965308258837227,0.8965308258837227,2.3224345,3.8188,2.59046809429084,1.5357335,0.9278944972504957,0.9278944972504956,1.5779665,3.152,1.7005882723475299,10.787288,0.32509692517155553,0.3250969251715556,0.6977119999999992,1.2988999999999997,2.146166099946385,1.3305802232648356,0.5514134207146879,2.7274536999106878,2.3854381247441467,1622.06,8.983674081354467,1622.0848775572751,1592.0,1641.0,49.0,59.0,25.00160324655927,2354.3406389890065,57.08226134540877,1751.1298499999998,1751.21,0.4572138203291669,1750.09,1751.82,1.7300000000000182,0.026109646884790807,-0.9376359409008355,50,0,66.031,HEALTHY,48.865990485976006
-0.920144,0.9048562308256489,0.9048562308256489,2.306344,3.7960000000000003,2.5488513218232955,1.5188110000000001,0.9390140500966959,0.9390140500966959,1.582889,3.1616,1.6856925621474996,10.795756999999998,0.3285518646287067,0.3285518646287067,0.6569430000000018,1.2569999999999997,1.9995107948707178,1.3447893933601647,0.5709408719808634,2.7681713530968417,2.3992379093620664,1622.535,9.09718500416475,1622.5605027240124,1605.0,1641.0,36.0,58.0,28.63588284037195,2374.6488701516178,55.48126465197895,1751.2681,1751.11,0.8130974049890902,1749.88,1753.05,3.1699999999998454,0.04642906502945438,1.2777379434454046,51,0,67.036,HEALTHY,48.4371948766013
-0.923689,0.8946406456667392,0.8946406456667392,2.335089,3.8212,2.610085972854222,1.5249944999999996,0.9443638644186626,0.9443638644186626,1.5803055000000006,3.1412000000000004,1.6734074222257698,10.7873985,0.3309704641622119,0.3309704641622119,0.6724014999999994,1.272499999999999,2.031605755824933,1.342291489001737,0.5642536306066736,2.7569363686805506,2.4344187103213537,1622.015,9.970194331105088,1622.0456420828607,1581.0,1641.0,60.0,58.0,28.22693031967389,2405.070328270554,55.43115255655018,1752.9998999999998,1753.05,0.3456558837919647,1752.18,1753.57,1.3899999999998727,0.019717963691382113,-0.2967644191132751,52,0,68.036,HEALTHY,50.075246164579156
-0.9321119999999999,0.898291414161351,0.898291414161351,2.396212,3.905,2.6675218778942846,1.5314819999999998,0.9369244736775746,0.9369244736775745,1.584618,3.1376,1.6912974786325388,10.783835000000002,0.33342919154597134,0.3334291915459713,0.6903649999999981,1.3203999999999994,2.0704995768338854,1.3401231137126917,0.55900255429327,2.85005381343809,2.4814582845815956,1623.33,9.080258806884306,1623.3553954695196,1599.0,1643.0,44.0,58.0,29.211168147328625,2396.3692613738885,55.41106441868118,1751.2812,1751.21,0.42417161621213334,1750.6,1752.18,1.5800000000001546,0.024220645788473796,-0.7808295207419197,53,0,69.036,HEALTHY,48.68508726016956
-0.90834,0.9189657539321039,0.9189657539321039,2.32814,3.8355,2.5334349947626125,1.536143,0.9392570744215878,0.9392570744215878,1.582843,3.1244,1.6852074294726442,10.7912165,0.3310392973315253,0.3310392973315253,0.6685834999999987,1.282,2.0196499490827327,1.35509738584677,0.5731527315000269,2.723549381895113,2.368264884736498,1622.455,9.53351850053274,1622.4830091560282,1599.0,1651.0,52.0,58.0,29.47423936204311,2367.3177410858875,55.72848513308521,1750.5313,1750.85,0.7449371181515911,1749.37,1751.62,2.25,0.04255491565055656,-0.4248976224429113,54,0,70.036,HEALTHY,49.25255200225125
-0.9200175,0.9352241364206497,0.9352241364206497,2.4128175,3.9396999999999998,2.579935018822858,1.5103325,0.9074598578415191,0.9074598578415191,1.5901674999999997,3.1101,1.752328200811402,10.7371025,0.8249924600526662,0.8249924600526661,10.738302500000001,11.4443,13.016243202167551,1.5423164844094905,0.8701134691600172,10.846106506754799,10.51203948897431,1638.225,11.62817161036076,1638.2662680406993,1607.0,1667.0,60.0,62.0,29.36446088504838,11472.000295330214,51.4821469700177,1827.4428500000001,1848.43,36.90189189428505,1750.04,1850.71,100.67000000000007,2.0193185190051253,98.74582614565145,55,0,71.036,HEALTHY,56.79448230278543
-0.9165989999999999,0.970733931826327,0.970733931826327,2.5194989999999997,3.9672,2.595457846270857,1.5401445,0.9033061414436138,0.9033061414436138,1.5353445000000001,3.0562,1.699694521667148,10.786352499999998,0.32525754041028787,0.3252575404102878,0.7477475000000027,1.2666000000000004,2.298939784937117,1.3653127184504288,0.5642931257224634,2.8535690909346316,2.547132093270347,1641.035,9.791515459825408,1641.0642111142392,1615.0,1660.0,45.0,62.0,27.500783121056553,2303.2833561928646,54.45831700675562,1848.9268,1849.0,0.4124109115918242,1847.75,1849.8,2.0499999999999545,0.022305421263395835,-0.1734313357854989,56,0,72.036,HEALTHY,48.681893450935576
-0.9236035,0.965626266594768,0.965626266594768,2.4715035,3.9648,2.559482468010767,1.532161,0.9074790942379886,0.9074790942379886,1.6054389999999998,3.1687,1.7691195424706607,10.784306999999998,0.3279476077836215,0.3279476077836215,0.7233930000000015,1.2904,2.2058188040734037,1.3651014711982952,0.5596047868532753,2.8231237810415344,2.594251781263819,1641.64,9.410122209620873,1641.6669698815288,1615.0,1661.0,46.0,62.0,27.590342667634268,2386.824321147414,54.4981473868996,1851.6585499999999,1851.51,0.6699353681512892,1849.8,1853.28,3.480000000000018,0.03618028648701399,1.1725478136930436,57,0,73.036,HEALTHY,48.054362080897356
-0.9176555,0.9551344548647327,0.9551344548647327,2.4607555,3.9396999999999998,2.576344605167128,1.5280880000000001,0.910483881326847,0.910483881326847,1.5760119999999997,3.1005,1.730960901475026,10.785884000000001,0.327761141143974,0.3277611411439739,0.7158159999999985,1.2580999999999989,2.183956272246336,1.3596654333584237,0.558059074105325,2.839105878261719,2.611998181165717,1641.45,8.650289012512818,1641.4727929515007,1623.0,1661.0,38.0,62.0,28.496903196211484,2288.6424777837456,54.454182925366496,1851.9584500000003,1851.97,0.5909230893272053,1850.77,1853.0,2.230000000000018,0.03190801010288353,-0.05278181954831479,58,0,74.036,HEALTHY,47.48277857463787
-0.9293334999999999,0.9451065892944298,0.9451065892944298,2.4915335,3.9588,2.6362460363968645,1.5230245000000002,0.9013025191630999,0.9013025191630999,1.5666754999999999,3.0741,1.7382349063605513,10.7917135,0.3269474821248055,0.3269474821248055,0.7494864999999997,1.2832000000000008,2.2923758125590905,1.3462790766573065,0.5491950173797971,2.804791510184803,2.4827650778772203,1642.43,9.149595619479584,1642.455484937111,1625.0,1661.0,36.0,62.0,28.111784916668192,2274.9048874576356,55.553514091854076,1850.6513,1850.54,1.12213292884579,1848.6,1852.48,3.880000000000109,0.06063448737456861,-2.357296932426665,59,0,75.036,HEALTHY,47.6612474741594
-0.919264,0.9242927832694573,0.9242927832694573,2.440764,3.8666,2.640682740555867,1.5299965,0.8556411309291705,0.8556411309291705,1.5501034999999999,3.0454,1.811628080941701,10.7883475,0.32326711925859397,0.32326711925859397,0.6906524999999988,1.2988999999999997,2.136476179773542,1.3003616898907395,0.5331452661622168,2.8371837480439117,2.599829409207438,1642.515,11.652457895225368,1642.5563323673257,1619.0,1674.0,55.0,62.0,24.967974067272365,2023.954008765401,55.115849995143584,1853.7521000000002,1852.94,4.102692358683504,1850.99,1870.85,19.8599999999999,0.2213182851516933,1.6050881271999617,60,0,76.036,HEALTHY,50.39147765883184
-0.909532,0.9250015231749622,0.9250015231749622,2.389132,3.8379,2.5828411523038115,1.546295,0.8862599743162273,0.8862599743162273,1.636805,3.2549,1.8468677898523376,10.787332000000001,0.3293686695422016,0.3293686695422016,0.7443679999999997,1.3420000000000005,2.259984232970965,1.3227124708064864,0.5610013262544828,2.7630068753213415,2.564160395158881,1636.035,13.341805537482548,1636.0894000634562,1607.0,1674.0,67.0,62.0,21.598980284540854,2200.548224021767,54.131845393551416,1827.6960000000001,1853.63,39.384007985475534,1749.83,1856.09,106.25999999999999,2.154844568542883,-114.68309307732916,61,0,77.036,HEALTHY,52.76478230531211
-0.9174785,0.9058164408354212,0.9058164408354212,2.2749785,3.7397,2.5115226412779843,1.5185465,0.9697369303516031,0.9697369303516031,1.6466465000000001,3.2681000000000004,1.6980342281106753,10.788386500000001,0.3906460184972451,0.3906460184972451,0.7217134999999981,1.4017999999999997,1.8474871516067628,1.383292250518035,0.5739624280444339,2.702961331707642,2.4654282952542887,1610.37,10.009150813130953,1610.4011053150703,1587.0,1634.0,47.0,57.0,34.54770168528866,2744.8457261675408,54.864585663413955,1693.73085,1700.92,23.546400208471358,1651.71,1750.09,98.37999999999988,1.3902090883254183,-64.71769744243757,62,0,78.036,HEALTHY,48.83878347919739
-0.926215,0.8930677237337603,0.8930677237337603,2.210715,3.7805,2.475416971467053,1.5296684999999999,0.9656863632452051,0.9656863632452051,1.6134685,3.1328,1.6707997144931324,10.779426,0.43920379486520833,0.43920379486520833,0.8483260000000001,1.6268999999999991,1.9315088118952874,1.3867299970638662,0.5635404267323153,2.6834472304841865,2.445273389995249,1602.495,9.087352474731022,1602.5207658560935,1578.0,1623.0,45.0,55.0,32.23516808824661,2450.3537091185767,57.60276317203366,1652.6375499999995,1652.62,0.3525301370095672,1652.16,1653.48,1.3199999999999363,0.021331364339964763,0.31312232805581003,63,0,79.036,HEALTHY,49.28138207201546
-0.9162530000000001,0.8794819394342331,0.8794819394342331,2.198353,3.7685,2.4995999365424044,1.5184175,0.9551330412794596,0.9551330412794596,1.5699175,3.0981000000000005,1.6436636909733524,10.790415999999999,0.4362816119709837,0.4362816119709837,0.850915999999998,1.6663999999999994,1.9503824517284283,1.369711375903241,0.5541079174928776,2.6783532317771774,2.4070300833521845,1603.3,9.39734004918413,1603.3275398370727,1581.0,1636.0,55.0,55.0,30.890707600494096,2320.5785872490155,57.147279473496,1653.2616499999997,1653.21,0.37868163079294664,1652.26,1653.99,1.7300000000000182,0.022905123988870527,0.8659461486520362,64,0,80.036,HEALTHY,50.25286176023334
-0.9166935,0.8787006464705429,0.8787006464705429,2.1819935,3.7098,2.4832046144092006,1.5474200000000002,0.9428257038816878,0.9428257038816878,1.6240200000000002,3.1196,1.7225028903155502,10.776077,0.43152346410247494,0.43152346410247494,0.8269770000000012,1.6400000000000006,1.9164125911902137,1.3591348844315454,0.5566487813194284,2.5767982676513985,2.292500492649114,1602.86,9.543081263407538,1602.8884084676638,1581.0,1625.0,44.0,56.0,26.908083080764328,2356.8145188185613,60.79552895789716,1652.818,1652.8249999999998,0.5004637849035551,1651.94,1653.76,1.8199999999999363,0.030279424891521942,-0.4435340883552398,65,0,81.036,HEALTHY,50.03054616050239
-0.935766,0.8987310332596733,0.8987310332596733,2.314866,3.8463,2.575704982172523,1.5182060000000002,0.9434983307690586,0.9434983307690586,1.5948060000000002,3.1687,1.690311416555503,10.950089,2.4323123468993453,2.4323123468993453,33.831011000000004,34.8823,13.908991188211079,2.75935679519467,2.3725714319650697,33.84938865958015,33.603482187292414,1609.67,12.042470676734073,1609.7150462115958,1579.0,1639.0,60.0,57.0,58.17151673221715,90037.23630809227,51.57421330569898,1685.73055,1659.71,36.1975188127239,1653.12,1754.33,101.21000000000004,2.1472897203366164,113.77080177004225,66,0,82.041,HEALTHY,46.247202375056524
-0.9236629999999999,0.9051726536031677,0.9051726536031677,2.308663,3.7804,2.5505222576157607,1.5264449999999998,0.9517892793969681,0.9517892793969682,1.6135550000000003,3.1843000000000004,1.6952859576463306,10.782564,0.3309957993751583,0.3309957993751583,0.690436,1.2881,2.0859358375646453,1.354547372523383,0.5643930915365879,2.755296831212565,2.444645992987396,1621.865,9.26211503923375,1621.8914467374198,1593.0,1641.0,48.0,58.0,29.425125244262848,2459.8508734675956,55.92681266448321,1752.6771,1752.64,0.6541502808987991,1751.88,1754.08,2.199999999999818,0.037322920513926904,-1.3812825320664566,67,0,83.046,HEALTHY,48.4668756096783
-0.9176664999999999,0.9187453780170814,0.9187453780170814,2.3266665,3.7685000000000004,2.5324388624643968,1.5358574999999999,0.9523068321416948,0.9523068321416948,1.5921575,3.1736000000000004,1.6718954923586027,10.780540500000003,0.3470874250239412,0.3470874250239412,0.694859499999998,1.3084000000000007,2.0019725576403937,1.368009887676712,0.5758110632945246,2.8136829068622413,2.432810679246799,1622.23,9.219387181369486,1622.2561973991653,1605.0,1643.0,38.0,58.0,29.456162532635425,2397.0460359054846,56.129205612368544,1752.8621999999998,1752.75,0.5453422411660069,1751.88,1753.98,2.099999999999909,0.031111529540999116,1.5398604965100584,68,0,84.046,HEALTHY,48.84440236965272
-0.9133060000000001,0.919768775434348,0.919768775434348,2.307906,3.8259,2.5092241241937394,1.537942,0.9522354268435931,0.9522354268435931,1.6319580000000002,3.2166,1.7138177744651935,10.784121,0.33543947972622423,0.33543947972622423,0.6744789999999998,1.2629000000000001,2.01073231019345,1.365740294843423,0.5641941031896843,2.7326575114421128,2.3390160267876117,1622.665,9.526949931641292,1622.6929669533913,1597.0,1641.0,44.0,59.0,27.86908349351313,2329.0351639066002,56.16772806520285,1755.3024500000001,1755.87,1.1543060675141654,1753.41,1756.8,3.3899999999998727,0.06576109248375772,1.9480012000271014,69,0,85.046,HEALTHY,48.62287126917425
-0.9148915000000001,0.9352839911907773,0.9352839911907773,2.2986915,3.8066999999999998,2.4577470817963754,1.5214505,0.9513758666792793,0.9513758666792793,1.6279505,3.2238,1.7111538741068386,10.782801,0.36374064001565726,0.36374064001565726,0.7224009999999996,1.4436999999999998,1.98603323502401,1.3828157639673118,0.589823943242915,2.749799825846147,2.3969033204461923,1615.995,10.554381791464625,1616.0294660061122,1587.0,1639.0,52.0,58.0,29.06550262017892,2825.7542471681672,56.93499804745571,1806.8316836734691,1716.84,366.3434176936599,1703.14,3639.89,1936.7499999999998,20.27545902609186,-409.20242018154386,70,0,86.046,HEALTHY,49.179248833142644
-0.9161095,0.8916060170051288,0.8916060170051288,2.2688095,3.7505,2.5446323339324763,1.524227,0.9340088478547728,0.9340088478547728,1.561327,3.1159999999999997,1.6716404813359622,10.784764000000001,0.3788471229981825,0.3788471229981825,0.695435999999999,1.3826999999999998,1.8356639335052714,1.3456815968254712,0.5560271044380293,2.696110827342832,2.441252564154742,1611.36,11.48522529165188,1611.4009308672996,1589.0,1670.0,81.0,57.0,35.326242039424606,2832.377266916359,55.83429575248669,1704.23945,1704.3,0.34212891941488416,1703.34,1704.69,1.3500000000001364,0.020075167219892963,0.598204455108749,71,0,87.046,HEALTHY,54.312074636793696
-0.9018229999999999,0.8850617273224506,0.8850617273224506,2.254523,3.6799,2.547305945338454,1.5303205,0.9401460522332422,0.9401460522332422,1.5734204999999999,3.1065,1.6735915619306858,10.7872925,0.38146768407527,0.38146768407527,0.7411925000000004,1.4712000000000014,1.9430020705338453,1.3463753023189708,0.554971786124006,2.6650644874947207,2.2715763654306613,1611.965,12.045487744379635,1612.0100046215593,1588.0,1645.0,57.0,57.0,31.682098854649546,2520.823969070104,56.161326375743464,1703.3298499999999,1703.34,0.37018168174560123,1702.27,1704.26,1.990000000000009,0.02173282419406912,0.12694067351496024,72,0,88.046,HEALTHY,52.28267399724427
-0.9069419999999999,0.9101297122037056,0.9101297122037056,2.270442,3.7709,2.4946356212265144,1.545096,0.942002947226812,0.942002947226812,1.578596,3.1065,1.6757866890409119,10.778796999999999,0.38505551247969433,0.38505551247969433,0.7864030000000017,1.4880000000000013,2.042310717578604,1.3652741092216611,0.5706446955633917,2.6843077994129136,2.354187974517467,1610.96,9.77130492820688,1610.9896337344942,1589.0,1631.0,42.0,57.0,26.359134772173814,1860.454619820271,58.543890894097,1709.4010994764396,1704.16,62.00753711445548,1703.05,2563.88,860.8300000000002,3.6274422154898187,5.149386514931662,73,0,89.046,HEALTHY,49.35821585095035
-0.9270115,0.9011693081867304,0.9011693081867304,2.2953115,3.7673,2.547036920973779,1.528096,0.9576914891466876,0.9576914891466876,2.2775040000000004,4.264100000000001,2.3781186590989534,10.7823875,0.3779861252661928,0.3779861252661928,0.7123875000000002,1.4162,1.8846921947156359,1.3682662830368584,0.5712325155841448,2.6919497129041066,2.4011642462719176,1604.23,47.82214026996282,1604.9426313734707,1263.0,1631.0,368.0,57.0,28.98957548275346,1948.5857370176248,56.77683180385543,1705.85375,1705.76,0.9332461826870756,1704.5,1707.89,3.3900000000001,0.0547084521569962,-1.4745953648864298,74,0,90.046,F4,44.863882730253934
-0.914404,0.07143004468709227,0.07143004468709227,0.525304,0.8235999999999999,7.354104317044125,1.4946755000000003,0.22872063297776613,0.22872063297776613,2.3110755000000003,3.705,10.10435949704922,10.786662999999999,0.07297031609497112,0.07297031609497112,0.3132629999999992,0.5961999999999996,4.293019638181179,0.2504796324349547,0.22443667449057206,2.337000183287381,2.333675294529843,1300.345,4.601736085435582,1300.3531424193968,1275.0,1315.0,40.0,1.0,3.046916993386725,13.440626735868719,41.102125089162534,1392.9144999999999,1391.34,22.21105579998394,1391.34,1706.24,314.9000000000001,1.5945742398391245,-9.400000000001956,75,0,91.046,F4,65.55315730432805
-0.9179930000000001,0.02071571507334468,0.02071571507334468,0.06449300000000002,0.11259999999999992,3.113240347806504,1.5035110000000003,0.021839356194723318,0.021839356194723318,0.06821100000000024,0.11729999999999996,3.123306355362295,10.790396000000001,0.02708653141323192,0.02708653141323192,0.08589600000000175,0.15080000000000027,3.1711701542575907,0.04049417876683017,0.016571985950522464,0.10638136484366117,0.09982612373444084,1300.945,2.802137576922304,1300.9480177931785,1288.0,1311.0,23.0,55.0,0.31331123498462354,2.3279451016428645,51.79152628610001,1391.34,1391.34,0.0,1391.34,1391.34,0.0,0.0,-2.413910334222698e-12,76,0,92.046,F4,62.76458359056477
