timestamp_ms,ax,ay,az,acs_adc
28636,-1.0798,1.8507,10.3872,1487
1,-1.148,1.4641,11.0887,1485
28646,-0.7195,1.1983,11.2168,1471
28651,-0.6644,1.6556,10.5381,1485
28656,-1.0654,1.9345,10.5201,1491
28661,-1.0211,1.3982,11.2073,1495
28666,-0.6416,1.1839,11.1103,1495
28671,-0.7266,1.6472,10.4279,1487
28676,-1.1193,1.8567,10.6159,1491
28681,-0.9697,1.2977,11.2073,1491
28686,-0.589,1.2582,11.0564,1485
28691,-0.7685,1.8052,10.3525,1491
28696,-1.1552,1.907,10.7093,1481
28701,-0.9457,1.2857,11.2719,1500
28706,-0.5686,1.2414,10.9367,1481
28711,-0.8248,1.8076,10.3956,1483
28716,-1.154,1.7095,10.7631,1485
28721,-0.8619,1.166,11.2994,1483
28726,-0.5363,1.4066,10.7931,1493
28731,-0.8643,1.9178,10.392,1483
28736,-1.1408,1.7968,10.9092,1493
28741,-0.8056,1.1277,11.2982,1481
28746,-0.6045,1.4724,10.744,1492
28751,-0.972,1.8292,10.416,1485
28756,-1.1899,1.6137,11.0085,1495
28761,-0.759,1.1157,11.1869,1491
28766,-0.6464,1.6723,10.6135,1490
28771,-1.0235,1.9764,10.4555,1484
28776,-1.0977,1.5814,11.1043,1463
28781,-0.6668,1.148,11.1821,1483
28786,-0.6309,1.5897,10.5512,1494
28791,-1.0714,1.8747,10.5333,1486
28796,-1.0678,1.4054,11.2156,1484
28801,-0.644,1.1875,11.1522,1495
28806,-0.6333,1.6855,10.471,1484
28811,-1.081,1.9249,10.6243,1487
28816,-1.0702,1.4066,11.2108,1477
28821,-0.6656,1.239,11.0528,1500
28826,-0.7626,1.7083,10.3825,1494
28831,-1.1504,1.8208,10.6889,1489
28836,-0.9589,1.2773,11.2611,1483
28841,-0.5531,1.2629,10.9882,1486
28846,-0.7961,1.8292,10.392,1494
28851,-1.148,1.8196,10.7619,1485
28856,-0.8667,1.2163,11.2887,1485
28861,-0.5411,1.3803,10.8362,1501
28866,-0.8763,1.8627,10.4172,1479
28871,-1.1971,1.7657,10.8445,1491
28876,-0.8954,1.1516,11.2863,1483
28881,-0.6117,1.5455,10.7919,1491
28886,-0.929,1.8806,10.3561,1486
28891,-1.1684,1.7035,10.9966,1501
28896,-0.7626,1.1372,11.236,1485
28901,-0.5974,1.6101,10.6662,1485
28906,-0.9481,1.8902,10.416,1480
28911,-1.081,1.5993,11.0935,1483
28916,-0.7338,1.1265,11.2108,1483
28921,-0.6381,1.634,10.5572,1495
28926,-1.0786,1.9178,10.5261,1493
28931,-1.1133,1.4521,11.1486,1481
28936,-0.65,1.2354,11.1187,1479
28941,-0.7027,1.6652,10.5117,1485
28946,-1.1492,1.9501,10.5477,1491
28951,-1.0678,1.3635,11.23,1478
28956,-0.6261,1.2498,11.0002,1495
28961,-0.7147,1.7262,10.4579,1497
28966,-1.1193,1.8759,10.635,1477
28971,-0.9601,1.2893,11.2384,1481
28976,-0.6045,1.2462,10.9475,1485
28981,-0.7554,1.8399,10.4327,1484
28986,-1.1516,1.8711,10.744,1480
28991,-0.9469,1.2055,11.3078,1491
28996,-0.589,1.2845,10.8685,1491
29001,-0.8978,1.7945,10.3705,1485
29006,-1.172,1.7717,10.8828,1490
29011,-0.8356,1.1863,11.2779,1486
29016,-0.5531,1.5227,10.7751,1485
29021,-0.8978,1.8866,10.3872,1487
29026,-1.1504,1.7011,11.0289,1489
29031,-0.7769,1.069,11.2683,1487
29036,-0.5507,1.5,10.665,1487
29041,-0.9792,1.8675,10.4615,1491
29046,-1.1073,1.6089,11.0456,1481
29051,-0.7111,1.1456,11.2061,1491
29056,-0.5962,1.6209,10.5728,1487
29061,-1.0295,1.974,10.4974,1497
29066,-1.1013,1.4114,11.1642,1477
29071,-0.6859,1.1408,11.1426,1483
29076,-0.6967,1.6269,10.5105,1485
29081,-1.1061,1.9142,10.5153,1487
29086,-1.0068,1.3779,11.1941,1471
29091,-0.5986,1.221,11.0852,1495
29096,-0.7015,1.7454,10.4483,1486
29101,-1.1085,1.8567,10.6482,1491
29106,-0.9732,1.3072,11.2551,1469
29111,-0.5794,1.1911,11.0014,1487
29116,-0.7685,1.7789,10.3537,1483
29121,-1.1636,1.8148,10.7727,1491
29126,-0.9481,1.2091,11.2659,1490
29131,-0.5962,1.3539,10.9247,1499
29136,-0.8464,1.8603,10.3549,1483
29141,-1.1372,1.7561,10.817,1485
29146,-0.8308,1.1133,11.2899,1479
29151,-0.5734,1.3755,10.7631,1490
29156,-0.9002,1.8256,10.4387,1481
29161,-1.1001,1.7346,10.9774,1493
29166,-0.7697,1.1097,11.2839,1481
29171,-0.6524,1.549,10.6506,1486
29176,-0.9828,1.883,10.4136,1481
29181,-1.1396,1.6137,11.0229,1491
29186,-0.7123,1.0594,11.2228,1483
29191,-0.6225,1.6017,10.5979,1490
29196,-1.0714,1.9369,10.507,1493
29201,-1.1013,1.5095,11.1151,1480
29206,-0.6907,1.1911,11.0959,1486
29211,-0.6333,1.6293,10.5046,1486
29216,-1.0319,1.9034,10.4914,1487
29221,-1.0463,1.3587,11.2168,1485
29226,-0.6512,1.2426,11.0456,1491
29231,-0.6907,1.7597,10.4184,1493
29236,-1.093,1.901,10.6362,1490
29241,-0.9852,1.3515,11.2575,1479
29246,-0.6105,1.2558,11.0109,1487
29251,-0.8092,1.7933,10.3753,1483
29256,-1.1648,1.8256,10.7129,1479
29261,-0.9038,1.2749,11.2767,1495
29266,-0.5267,1.336,10.8781,1485
29271,-0.8284,1.8878,10.3418,1481
29276,-1.1947,1.7681,10.823,1481
29281,-0.8523,1.1444,11.3246,1483
29286,-0.5854,1.4317,10.7847,1465
29291,-0.9098,1.8579,10.416,1483
29296,-1.172,1.7178,10.9583,1499
29301,-0.7829,1.1169,11.2492,1481
29306,-0.5782,1.5778,10.6506,1495
29311,-0.9601,1.8878,10.4555,1482
29316,-1.1289,1.6688,11.0588,1485
29321,-0.7362,1.1289,11.1701,1490
29326,-0.6213,1.6269,10.5608,1481
29331,-1.0475,1.895,10.4531,1493
29336,-1.0582,1.5311,11.1235,1483
29341,-0.7015,1.2186,11.163,1480
29346,-0.656,1.6915,10.4651,1467
29351,-1.1205,1.9082,10.5261,1491
29356,-1.0223,1.33,11.242,1478
29361,-0.6273,1.1791,11.0887,1491
29366,-0.6764,1.7442,10.422,1453
29371,-1.1145,1.8986,10.6099,1485
29376,-1.0235,1.3539,11.2516,1480
29381,-0.6381,1.2605,11.0468,1496
29386,-0.7673,1.822,10.422,1479
29391,-1.148,1.8244,10.7368,1487
29396,-0.9325,1.2354,11.2815,1492
29401,-0.5662,1.2869,10.8984,1492
29406,-0.8428,1.8411,10.3825,1478
29411,-1.1456,1.7945,10.8649,1492
29416,-0.8308,1.1827,11.3078,1483
29421,-0.5207,1.4485,10.7631,1496
29426,-0.9469,1.8651,10.4375,1470
29431,-1.1636,1.7083,10.9319,1491
29436,-0.7757,1.1241,11.3162,1481
29441,-0.5602,1.5263,10.6662,1495
29446,-0.9852,1.907,10.4782,1479
29451,-1.1337,1.6101,11.0732,1491
29456,-0.7242,1.1217,11.2875,1485
29461,-0.6153,1.6221,10.6195,1493
29466,-1.0163,1.8998,10.4615,1485
29471,-1.1001,1.494,11.163,1483
29476,-0.6381,1.142,11.1414,1484
29481,-0.65,1.6819,10.5381,1487
29486,-1.081,1.9585,10.574,1479
29491,-1.0319,1.3635,11.2061,1481
29496,-0.6273,1.2139,11.0887,1497
29501,-0.7326,1.7382,10.4028,1495
29506,-1.1313,1.9106,10.6781,1471
29511,-1.0056,1.3156,11.2695,1477
29516,-0.5926,1.2474,10.9846,1487
29521,-0.7554,1.7657,10.3837,1483
29526,-1.1624,1.8088,10.7176,1479
29531,-0.9242,1.2342,11.3389,1499
29536,-0.5638,1.3312,10.8637,1493
29541,-0.7913,1.8543,10.3789,1478
29546,-1.1552,1.7765,10.8242,1464
29551,-0.8416,1.1887,11.2779,1485
29556,-0.5914,1.4653,10.7488,1485
29561,-0.9206,1.8208,10.3561,1487
29566,-1.1313,1.7382,10.9499,1494
29571,-0.7925,1.0594,11.2444,1483
29576,-0.6105,1.567,10.6566,1491
29581,-0.9792,1.8794,10.3968,1491
29586,-1.093,1.6209,11.0373,1485
29591,-0.7195,1.0894,11.1821,1482
29596,-0.6141,1.6209,10.5728,1483
29601,-1.0427,1.8926,10.4986,1484
29606,-1.1037,1.4473,11.1809,1469
29611,-0.6476,1.1504,11.0816,1485
29616,-0.674,1.6628,10.4878,1483
29621,-1.0822,1.9405,10.5465,1493
29626,-1.0403,1.3982,11.145,1478
29631,-0.6345,1.2582,11.0792,1499
29636,-0.7087,1.737,10.416,1485
29641,-1.1372,1.8854,10.6183,1481
29646,-0.9469,1.2677,11.2767,1461
29651,-0.5986,1.2175,11.0337,1491
29656,-0.7781,1.804,10.4447,1482
29661,-1.1241,1.8268,10.7464,1479
29666,-0.8763,1.2737,11.2683,1485
29671,-0.5411,1.3204,10.8254,1498
29676,-0.8619,1.8387,10.3441,1481
29681,-1.1983,1.7597,10.8242,1470
29686,-0.8763,1.1432,11.2875,1467
29691,-0.5686,1.4976,10.7799,1485
29696,-0.8978,1.9082,10.386,1483
29701,-1.1265,1.7621,10.9391,1495
29706,-0.7853,1.1169,11.242,1480
29711,-0.589,1.5778,10.6853,1481
29716,-0.9589,1.8854,10.4651,1480
29721,-1.142,1.549,11.0253,1495
29726,-0.7578,1.0918,11.2192,1481
29731,-0.6081,1.5826,10.6075,1495
29736,-1.0199,1.9549,10.4842,1485
29741,-1.0977,1.5443,11.1043,1469
29746,-0.6584,1.2186,11.1821,1481
29751,-0.7075,1.6915,10.4651,1483
29756,-1.1085,1.9345,10.5512,1491
29761,-1.0606,1.3623,11.2372,1481
29766,-0.6189,1.2605,11.0732,1515
29771,-0.6991,1.7262,10.477,1485
29776,-1.1325,1.901,10.6111,1481
29781,-1.0139,1.3096,11.2683,1467
29786,-0.5986,1.251,10.9942,1483
29791,-0.7362,1.7681,10.4124,1479
29796,-1.1121,1.8304,10.6985,1471
29801,-0.9397,1.2522,11.2635,1481
29806,-0.6201,1.33,10.8852,1464
29811,-0.838,1.8938,10.3741,1463
29816,-1.1432,1.7813,10.8757,1461
29821,-0.8464,1.1528,11.1821,1453
29826,-0.5818,1.4078,10.8074,1439
29831,-0.9002,1.816,10.3705,1449
29836,-1.1516,1.7119,10.9152,1443
29841,-0.7757,1.0965,11.2384,1437
29846,-0.5375,1.5718,10.6973,1445
29851,-0.9529,1.8806,10.3968,1445
29856,-1.1277,1.6293,11.0061,1445
29861,-0.7817,1.093,11.2156,1417
29866,-0.6524,1.573,10.5979,1421
29871,-1.0283,1.9333,10.4651,1435
29876,-1.0965,1.5107,11.0899,1435
29881,-0.7171,1.1708,11.1618,1443
29886,-0.6548,1.634,10.5369,1425
29891,-1.0798,1.919,10.5321,1435
29896,-1.0499,1.342,11.2312,1431
29901,-0.6225,1.1552,11.1103,1453
29906,-0.7219,1.6831,10.4854,1424
29911,-1.0942,1.8986,10.5405,1439
29916,-0.9852,1.342,11.2396,1435
29921,-0.5818,1.257,11.0289,1432
29926,-0.7865,1.7909,10.4291,1422
29931,-1.1636,1.8028,10.7093,1426
29936,-0.9361,1.2234,11.2731,1447
29941,-0.5578,1.3084,10.9391,1449
29946,-0.7901,1.8555,10.3573,1445
29951,-1.1241,1.8124,10.8314,1456
29956,-0.8583,1.1768,11.2599,1448
29961,-0.5758,1.4365,10.7955,1463
29966,-0.8739,1.8615,10.3789,1445
29971,-1.1432,1.7382,10.9307,1439
29976,-0.7925,1.0774,11.3377,1432
29981,-0.6093,1.5048,10.6458,1445
29986,-0.9577,1.8902,10.3884,1439
29991,-1.0977,1.6712,11.0002,1449
29996,-0.741,1.1516,11.2097,1447
30001,-0.5997,1.634,10.5943,1451
30006,-1.0774,1.889,10.4303,1407
30011,-1.0977,1.5095,11.145,1426
30016,-0.6692,1.1301,11.163,1439
30021,-0.6847,1.6723,10.5333,1447
30026,-1.0882,1.9369,10.5465,1426
30031,-1.0894,1.4832,11.242,1415
30036,-0.65,1.2342,11.1139,1445
30041,-0.6812,1.7418,10.404,1429
30046,-1.1241,1.8471,10.5967,1438
30051,-0.9948,1.2953,11.2659,1447
30056,-0.6141,1.2079,11.0313,1436
30061,-0.759,1.7538,10.4088,1447
30066,-1.1396,1.913,10.726,1433
30071,-0.9301,1.2713,11.2671,1429
30076,-0.5614,1.3252,10.8828,1431
30081,-0.8272,1.8076,10.337,1421
30086,-1.2007,1.731,10.8074,1431
30091,-0.8631,1.1971,11.3114,1435
30096,-0.5722,1.421,10.8158,1453
30101,-0.8871,1.8699,10.4076,1447
30106,-1.1456,1.7382,10.9223,1443
30111,-0.8152,1.1265,11.2647,1448
30116,-0.5842,1.5383,10.6722,1447
30121,-0.978,1.8747,10.4052,1445
30126,-1.1576,1.646,11.0205,1443
30131,-0.814,1.0977,11.2731,1447
30136,-0.6201,1.634,10.6518,1414
30141,-1.0032,1.9225,10.471,1397
30146,-1.1073,1.5419,11.0923,1395
30151,-0.68,1.1169,11.1857,1405
30156,-0.6189,1.67,10.5321,1417
30161,-1.0427,1.9225,10.5153,1417
30166,-1.0714,1.4257,11.2061,1415
30171,-0.6153,1.1468,11.1055,1429
30176,-0.6859,1.7238,10.4483,1403
30181,-1.142,1.9465,10.6255,1372
30186,-1.0295,1.342,11.1869,1415
30191,-0.6261,1.2677,11.0409,1421
30196,-0.7757,1.7968,10.4303,1429
30201,-1.1301,1.8507,10.7308,1419
30206,-0.9661,1.2306,11.2779,1401
30211,-0.589,1.2821,10.9439,1421
30216,-0.7925,1.8364,10.4363,1405
30221,-1.1337,1.7669,10.7308,1403
30226,-0.8487,1.1768,11.3318,1395
30231,-0.5842,1.3838,10.817,1417
30236,-0.8727,1.9094,10.3813,1397
30241,-1.1337,1.7813,10.9116,1395
30246,-0.7973,1.0953,11.2659,1402
30251,-0.5926,1.5036,10.6961,1397
30256,-0.9852,1.8256,10.4291,1389
30261,-1.1696,1.6783,10.9714,1423
30266,-0.7554,1.0822,11.2623,1413
30271,-0.5914,1.6137,10.6829,1433
30276,-0.9637,1.919,10.3741,1427
30281,-1.081,1.5431,11.1259,1430
30286,-0.7338,1.1444,11.1678,1417
30291,-0.6608,1.5921,10.5369,1401
30296,-1.0606,1.8687,10.5273,1386
30301,-1.1085,1.3815,11.1713,1373
30306,-0.7075,1.2091,11.1223,1403
30311,-0.6764,1.6939,10.4555,1407
30316,-1.1025,1.9585,10.6219,1407
30321,-0.9972,1.3551,11.1737,1403
30326,-0.6512,1.221,11.1091,1423
30331,-0.7566,1.7119,10.4519,1429
30336,-1.1217,1.7885,10.6722,1399
30341,-0.9649,1.2689,11.2312,1405
30346,-0.5423,1.2617,10.999,1417
30351,-0.7673,1.8914,10.3825,1416
30356,-1.148,1.8232,10.7631,1403
30361,-0.9014,1.2402,11.2755,1423
30366,-0.6357,1.3001,10.89,1400
30371,-0.905,1.8447,10.3884,1403
30376,-1.2031,1.7561,10.8912,1417
30381,-0.8787,1.0953,11.2635,1427
30386,-0.6081,1.5048,10.8062,1427
30391,-0.923,1.901,10.3453,1423
30396,-1.0942,1.7921,10.9822,1437
30401,-0.7398,1.0594,11.2731,1414
30406,-0.5854,1.555,10.6626,1418
30411,-1.0044,1.8555,10.4172,1443
30416,-1.1384,1.6053,11.048,1435
30421,-0.6919,1.136,11.1905,1428
30426,-0.6201,1.6376,10.5357,1433
30431,-1.0642,1.9597,10.5153,1432
30436,-1.1109,1.47,11.1199,1405
30441,-0.6716,1.1815,11.1438,1417
30446,-0.6297,1.6508,10.4746,1401
30451,-1.0977,1.9549,10.5931,1405
30456,-1.0319,1.3803,11.1737,1397
30461,-0.6141,1.2007,11.078,1429
30466,-0.7027,1.7681,10.4279,1407
30471,-1.1169,1.8974,10.586,1415
30476,-0.9685,1.3348,11.2516,1397
30481,-0.5854,1.2079,10.9846,1417
30486,-0.7793,1.8016,10.4088,1407
30491,-1.1516,1.8304,10.7117,1416
30496,-0.9182,1.2605,11.2504,1405
30501,-0.5567,1.3048,10.8864,1417
30506,-0.8583,1.828,10.3813,1391
30511,-1.1696,1.7621,10.8541,1403
30516,-0.832,1.1576,11.2647,1427
30521,-0.5231,1.494,10.7739,1447
30526,-0.8882,1.9022,10.4016,1443
30531,-1.1576,1.7334,10.9942,1449
30536,-0.82,1.1037,11.2946,1439
30541,-0.6153,1.5802,10.6578,1453
30546,-0.9876,1.8519,10.4303,1433
30551,-1.148,1.5802,11.0445,1446
30556,-0.7422,1.1109,11.2707,1449
30561,-0.6105,1.6604,10.58,1447
30566,-1.0319,1.9597,10.5405,1428
30571,-1.0846,1.5263,11.0804,1429
30576,-0.6321,1.1803,11.1809,1433
30581,-0.6345,1.6221,10.5117,1417
30586,-1.0942,1.9285,10.5213,1404
30591,-1.0391,1.409,11.2264,1431
30596,-0.595,1.2186,11.1282,1443
30601,-0.6859,1.7478,10.4686,1403
30606,-1.154,1.8986,10.5919,1397
30611,-1.0199,1.3132,11.2192,1405
30616,-0.5794,1.2234,11.0121,1419
30621,-0.7745,1.8172,10.4339,1403
30626,-1.1528,1.8292,10.7751,1403
30631,-0.9433,1.2282,11.2946,1403
30636,-0.5698,1.3276,10.9116,1427
30641,-0.8176,1.8639,10.3513,1429
30646,-1.1325,1.7885,10.8278,1391
30651,-0.8523,1.1576,11.2887,1415
30656,-0.5746,1.4305,10.8505,1415
30661,-0.923,1.8316,10.398,1421
30666,-1.1672,1.7394,10.8924,1425
30671,-0.838,1.1277,11.2743,1420
30676,-0.5842,1.5622,10.6757,1427
30681,-0.984,1.8759,10.416,1427
30686,-1.1504,1.6316,10.9523,1429
30691,-0.7386,1.1157,11.2216,1427
30696,-0.5782,1.5646,10.5429,1429
30701,-1.0068,1.8531,10.4208,1413
30706,-1.1193,1.4485,11.0468,1415
30711,-0.6764,1.1468,11.1642,1429
30716,-0.6512,1.7382,10.5764,1427
30721,-1.0906,1.9656,10.5536,1431
30726,-1.063,1.3898,11.1378,1422
30731,-0.6752,1.1444,11.0456,1431
30736,-0.741,1.6999,10.4758,1421
30741,-1.148,1.9022,10.6578,1429
30746,-0.9984,1.2941,11.2731,1419
30751,-0.5662,1.2103,11.0181,1439
30756,-0.7123,1.7885,10.3705,1431
30761,-1.148,1.8447,10.7284,1407
30766,-0.9086,1.2797,11.2611,1399
30771,-0.5794,1.2869,10.9415,1413
30776,-0.8033,1.8208,10.3597,1400
30781,-1.1839,1.7741,10.8086,1421
30786,-0.9182,1.1756,11.3306,1435
30791,-0.6141,1.3803,10.8421,1463
30796,-0.8871,1.8747,10.3597,1445
30801,-1.1636,1.725,10.8972,1444
30806,-0.7949,1.1169,11.297,1448
30811,-0.559,1.5299,10.7153,1455
30816,-0.9864,1.8531,10.4603,1455
30821,-1.1432,1.6233,10.9439,1467
30826,-0.7518,1.057,11.2013,1461
30831,-0.6273,1.5802,10.5656,1469
30836,-1.0211,1.8926,10.4411,1461
30841,-1.1313,1.5826,11.1127,1449
30846,-0.6871,1.1851,11.145,1449
30851,-0.6141,1.7023,10.5345,1466
30856,-1.0618,1.9082,10.489,1464
30861,-1.0786,1.3743,11.1833,1449
30866,-0.6704,1.1684,11.1654,1449
30871,-0.6584,1.6915,10.4782,1451
30876,-1.0714,1.9417,10.5872,1453
30881,-0.9912,1.3467,11.2097,1439
30886,-0.6428,1.2809,11.0468,1443
30891,-0.7578,1.8184,10.3513,1447
30896,-1.1839,1.8747,10.6494,1433
30901,-0.9385,1.2677,11.3018,1417
30906,-0.5914,1.2522,10.9906,1419
30911,-0.8356,1.8016,10.4004,1415
30916,-1.1528,1.8028,10.7895,1435
30921,-0.8823,1.2354,11.2527,1467
30926,-0.5674,1.4473,10.8266,1429
30931,-0.8643,1.9142,10.3741,1420
30936,-1.1779,1.7561,10.8936,1443
30941,-0.8452,1.0834,11.2527,1435
30946,-0.5914,1.5012,10.7212,1447
30951,-0.9685,1.8794,10.4447,1447
30956,-1.148,1.7131,11.0349,1461
30961,-0.7566,1.148,11.2001,1443
30966,-0.6345,1.6137,10.58,1449
30971,-1.0247,1.9034,10.4339,1451
30976,-1.1384,1.5143,11.0732,1447
30981,-0.6835,1.0977,11.1857,1449
30986,-0.6524,1.5886,10.5512,1453
30991,-1.0487,1.9201,10.5333,1470
30996,-1.069,1.4449,11.151,1452
31001,-0.6069,1.251,11.1426,1449
31006,-0.656,1.7298,10.4088,1451
31011,-1.1528,1.9393,10.6135,1461
31016,-1.0499,1.3252,11.2444,1453
31021,-0.6428,1.2222,11.0768,1465
31026,-0.7542,1.7777,10.4459,1464
31031,-1.1624,1.8938,10.665,1449
31036,-0.9409,1.2725,11.2827,1461
31041,-0.6057,1.2701,10.9714,1461
31046,-0.8092,1.8639,10.416,1461
31051,-1.1289,1.7945,10.7787,1465
31056,-0.8571,1.1696,11.2934,1459
31061,-0.5543,1.3755,10.8409,1470
31066,-0.9062,1.8483,10.4244,1447
31071,-1.1456,1.798,10.8816,1461
31076,-0.7925,1.1384,11.2815,1463
31081,-0.5902,1.5227,10.7332,1464
31086,-0.984,1.8328,10.4148,1461
31091,-1.1672,1.6556,10.981,1483
31096,-0.7566,1.063,11.2707,1461
31101,-0.5674,1.5957,10.6279,1465
31106,-0.9697,1.9142,10.4088,1464
31111,-1.1205,1.5694,11.0899,1467
31116,-0.7003,1.1301,11.2144,1464
31121,-0.6357,1.6269,10.4878,1477
31126,-1.0798,1.8651,10.4938,1481
31131,-1.0822,1.4078,11.2192,1463
31136,-0.6452,1.221,11.1809,1465
31141,-0.7123,1.6735,10.4459,1460
31146,-1.1025,1.9166,10.5465,1465
31151,-0.9936,1.336,11.242,1463
31156,-0.6237,1.1851,11.0277,1465
31161,-0.7614,1.7119,10.3681,1471
31166,-1.1552,1.828,10.6626,1456
31171,-0.9469,1.2773,11.2934,1456
31176,-0.5614,1.2605,10.9571,1466
31181,-0.7901,1.8495,10.3597,1469
31186,-1.1971,1.8064,10.8074,1461
31191,-0.8751,1.1768,11.3246,1467
31196,-0.5555,1.3827,10.8314,1477
31201,-0.8727,1.8387,10.3322,1463
31206,-1.1648,1.8064,10.8601,1455
31211,-0.82,1.0989,11.303,1461
31216,-0.6093,1.5,10.7093,1467
31221,-0.9493,1.8711,10.3657,1468
31226,-1.148,1.6807,11.0193,1471
31231,-0.7278,1.1013,11.2264,1467
31236,-0.6381,1.6017,10.5596,1463
31241,-1.0594,1.9106,10.4591,1462
31246,-1.0977,1.5024,11.1031,1463
31251,-0.6728,1.1696,11.1438,1467
31256,-0.6141,1.6747,10.507,1465
31261,-1.0894,1.9549,10.5297,1471
31266,-1.0654,1.4198,11.1306,1461
31271,-0.6788,1.1684,11.0923,1467
31276,-0.6979,1.7035,10.4256,1462
31281,-1.1133,1.9094,10.5704,1465
31286,-1.0032,1.3886,11.2504,1463
31291,-0.6057,1.2749,11.0157,1479
31296,-0.7542,1.81,10.4531,1471
31301,-1.1468,1.8112,10.6674,1465
31306,-0.9481,1.2773,11.2743,1463
31311,-0.5818,1.2474,10.9439,1467
31316,-0.8535,1.8172,10.3549,1459
31321,-1.1887,1.834,10.8302,1463
31326,-0.8428,1.2737,11.3066,1463
31331,-0.5626,1.3958,10.7967,1481
31336,-0.8835,1.8902,10.3034,1461
31341,-1.1803,1.7645,10.8793,1459
31346,-0.8248,1.0786,11.2779,1453
31351,-0.6033,1.5083,10.738,1467
31356,-0.9445,1.9034,10.3932,1467
31361,-1.136,1.6927,10.9403,1477
31366,-0.7877,1.1073,11.2456,1453
31371,-0.6129,1.5742,10.6123,1471
31376,-0.9708,1.962,10.4698,1466
31381,-1.1552,1.5359,11.0648,1467
31386,-0.7242,1.1564,11.2108,1464
31391,-0.6548,1.64,10.5477,1479
31396,-1.0475,1.9166,10.507,1478
31401,-1.0702,1.4413,11.1905,1467
31406,-0.6261,1.2282,11.1247,1467
31411,-0.6907,1.7035,10.4543,1465
31416,-1.1277,1.9417,10.5764,1469
31421,-1.0355,1.3539,11.2085,1465
31426,-0.5746,1.2282,11.0277,1486
31431,-0.7171,1.7657,10.4363,1480
31436,-1.1337,1.8447,10.7416,1465
31441,-0.929,1.2558,11.2946,1459
31446,-0.5818,1.2689,10.969,1468
31451,-0.8104,1.8639,10.3896,1469
31456,-1.1624,1.816,10.7799,1469
31461,-0.9194,1.2031,11.2336,1471
31466,-0.6057,1.3743,10.8601,1470
31471,-0.9242,1.8268,10.3657,1467
31476,-1.166,1.7609,10.9331,1466
31481,-0.8392,1.1013,11.3126,1459
31486,-0.6165,1.4605,10.7404,1465
31491,-0.9541,1.8256,10.4495,1469
31496,-1.0942,1.7071,11.0061,1485
31501,-0.7386,1.1313,11.3018,1467
31506,-0.5638,1.5838,10.6482,1467
31511,-1.0199,1.8687,10.4734,1464
31516,-1.1372,1.4736,11.048,1466
31521,-0.7242,1.1085,11.23,1471
31526,-0.6105,1.6436,10.5656,1481
31531,-1.0582,1.9656,10.489,1479
31536,-1.0762,1.4748,11.1893,1471
31541,-0.6656,1.1983,11.1426,1465
31546,-0.7111,1.6412,10.4902,1461
31551,-1.1349,1.8543,10.5393,1477
31556,-1.0104,1.2594,11.2492,1467
31561,-0.571,1.1744,11.0492,1471
31566,-0.6943,1.8004,10.4267,1478
31571,-1.1133,1.9034,10.6889,1468
31576,-0.9397,1.342,11.2563,1461
31581,-0.5806,1.2785,10.9894,1468
31586,-0.8176,1.7945,10.416,1463
31591,-1.1875,1.7454,10.756,1469
31596,-0.9086,1.1684,11.2863,1479
31601,-0.5986,1.3611,10.8517,1472
31606,-0.8128,1.8794,10.3418,1454
31611,-1.1229,1.7801,10.8948,1468
31616,-0.8188,1.136,11.3006,1463
31621,-0.6105,1.5155,10.7236,1463
31626,-0.929,1.8699,10.4327,1455
31631,-1.1504,1.6376,10.9391,1471
31636,-0.747,1.0534,11.2731,1450
31641,-0.6009,1.555,10.5872,1448
31646,-1.0223,1.9549,10.3908,1449
31651,-1.1013,1.6005,11.048,1459
31656,-0.7099,1.1672,11.163,1449
31661,-0.6608,1.6388,10.5788,1452
31666,-1.075,1.9142,10.5117,1459
31671,-1.1169,1.3958,11.1271,1449
31676,-0.6584,1.1947,11.1366,1439
31681,-0.6393,1.7083,10.4591,1445
31686,-1.0678,1.9417,10.5644,1449
31691,-1.0032,1.3922,11.2097,1462
31696,-0.6009,1.2522,11.0253,1471
31701,-0.735,1.731,10.4172,1451
31706,-1.1253,1.8208,10.6769,1433
31711,-1.0104,1.2749,11.2827,1445
31716,-0.6117,1.2725,11.0145,1468
31721,-0.826,1.8699,10.3657,1454
31726,-1.1349,1.8244,10.7452,1466
31731,-0.8571,1.2546,11.2049,1463
31736,-0.5638,1.33,10.8505,1481
31741,-0.8607,1.8399,10.4076,1461
31746,-1.1863,1.7142,10.8673,1478
31751,-0.8224,1.142,11.3318,1477
31756,-0.5495,1.5479,10.7236,1481
31761,-0.8942,1.9369,10.4315,1467
31766,-1.1528,1.7262,10.9678,1497
31771,-0.7626,1.0822,11.2587,1491
31776,-0.6273,1.5682,10.6817,1487
31781,-1.0199,1.8663,10.4555,1479
31786,-1.0989,1.579,11.1043,1479
31791,-0.7195,1.087,11.2144,1483
31796,-0.6668,1.6616,10.5536,1479
31801,-1.0283,1.9525,10.4962,1482
31806,-1.0319,1.4377,11.1426,1479
31811,-0.6321,1.1923,11.0995,1481
31816,-0.6764,1.7119,10.4734,1477
31821,-1.1205,1.9405,10.6291,1484
31826,-0.9912,1.342,11.2073,1471
31831,-0.6165,1.2546,11.0564,1499
31836,-0.7099,1.7358,10.3944,1491
31841,-1.1684,1.8759,10.6578,1485
31846,-0.9924,1.2749,11.2899,1481
31851,-0.6273,1.257,10.9487,1486
31856,-0.7518,1.7992,10.4351,1477
31861,-1.1396,1.7873,10.8278,1481
31866,-0.9098,1.2103,11.3509,1489
31871,-0.5866,1.3503,10.835,1491
31876,-0.8894,1.8818,10.4411,1483
31881,-1.1564,1.7214,10.8397,1479
31886,-0.8296,1.1121,11.2288,1479
31891,-0.5698,1.4257,10.7859,1487
31896,-0.9816,1.8591,10.4675,1485
31901,-1.1301,1.7071,10.9487,1487
31906,-0.7506,1.1085,11.2204,1481
31911,-0.595,1.6017,10.6602,1487
31916,-1.0367,1.8771,10.4196,1400
31921,-1.1241,1.5407,11.0552,1485
31926,-0.7027,1.1456,11.218,1483
31931,-0.6081,1.6137,10.55,1492
31936,-1.0403,1.9561,10.5249,1493
31941,-1.0427,1.4473,11.1031,1491
31946,-0.6656,1.1684,11.1271,1479
31951,-0.662,1.6316,10.4627,1485
31956,-1.0762,1.9082,10.5524,1485
31961,-0.9816,1.3408,11.1941,1471
31966,-0.6177,1.1768,11.048,1496
31971,-0.7374,1.7753,10.422,1491
31976,-1.1564,1.8854,10.5896,1483
31981,-1.0056,1.3144,11.2408,1471
31986,-0.5495,1.2594,10.9331,1481
31991,-0.7841,1.7873,10.4399,1485
31996,-1.1384,1.7729,10.7619,1485
32001,-0.8882,1.2019,11.3353,1486
32006,-0.5447,1.3276,10.8757,1483
32011,-0.7925,1.8375,10.4016,1467
32016,-1.1899,1.7585,10.884,1481
32021,-0.8847,1.1301,11.2049,1479
32026,-0.6249,1.5107,10.7871,1483
32031,-0.9601,1.8759,10.3872,1483
32036,-1.1277,1.6831,10.969,1491
32041,-0.7865,1.1037,11.2743,1479
32046,-0.6213,1.5957,10.72,1485
32051,-0.9816,1.8747,10.4746,1485
32056,-1.0786,1.5682,11.0588,1485
32061,-0.6812,1.136,11.1223,1479
32066,-0.6357,1.5921,10.5117,1500
32071,-1.0606,1.9644,10.5512,1489
32076,-1.0858,1.4509,11.1271,1482
32081,-0.644,1.2091,11.1306,1477
32086,-0.6488,1.6795,10.4315,1484
32091,-1.093,1.9429,10.5584,1484
32096,-1.0116,1.3671,11.2611,1479
32101,-0.5962,1.2031,11.0433,1497
32106,-0.7302,1.7502,10.4483,1481
32111,-1.1157,1.919,10.6386,1483
32116,-0.9601,1.3204,11.2887,1481
32121,-0.5722,1.2761,10.8876,1494
32126,-0.7853,1.8232,10.4148,1487
32131,-1.166,1.7765,10.7284,1486
32136,-0.8643,1.227,11.2815,1485
32141,-0.5722,1.3719,10.9295,1491
32146,-0.8918,1.9142,10.4291,1471
32151,-1.2163,1.8196,10.8613,1485
32156,-0.8559,1.142,11.2144,1480
32161,-0.5543,1.4844,10.6997,1491
32166,-0.972,1.8543,10.3848,1491
32171,-1.16,1.64,10.9666,1495
32176,-0.7661,1.0834,11.2324,1479
32181,-0.5662,1.6221,10.6386,1483
32186,-0.929,1.9309,10.4962,1471
32191,-1.0307,1.6257,11.0768,1491
32196,-0.7338,1.1265,11.2539,1484
32201,-0.6452,1.6185,10.5548,1485
32206,-1.0762,1.9309,10.5129,1485
32211,-1.0834,1.4281,11.1486,1482
32216,-0.6919,1.2055,11.1019,1481
32221,-0.7051,1.7166,10.4722,1479
32226,-1.1133,1.9824,10.5608,1486
32231,-1.0475,1.3994,11.2073,1477
32236,-0.583,1.2198,11.0935,1493
32241,-0.6931,1.7131,10.4148,1478
32246,-1.1516,1.8028,10.6686,1483
32251,-0.9433,1.2378,11.2743,1479
32256,-0.5303,1.2558,10.9966,1485
32261,-0.7733,1.8651,10.3585,1481
32266,-1.1349,1.8699,10.7883,1481
32271,-0.9373,1.2438,11.242,1487
32276,-0.6393,1.3551,10.8541,1487
32281,-0.9541,1.8387,10.3477,1476
32286,-1.221,1.7825,10.8661,1480
32291,-0.8571,1.1253,11.3006,1479
32296,-0.5674,1.5586,10.7536,1491
32301,-0.8978,1.8735,10.4076,1483
32306,-1.1049,1.6939,10.9547,1501
32311,-0.7506,1.0762,11.2803,1485
32316,-0.5507,1.5921,10.6315,1481
32321,-1.0044,1.8675,10.4722,1483
32326,-1.1337,1.579,11.0911,1486
32331,-0.7733,1.1408,11.2085,1483
32336,-0.6668,1.6568,10.5584,1485
32341,-1.0594,1.9549,10.4399,1493
32346,-1.1037,1.4126,11.151,1486
32351,-0.6991,1.1301,11.0828,1485
32356,-0.6931,1.6376,10.4675,1483
32361,-1.0427,1.8962,10.6075,1485
32366,-0.9912,1.3779,11.2432,1491
32371,-0.5614,1.1983,11.0648,1495
32376,-0.7266,1.7657,10.4543,1485
32381,-1.1456,1.8687,10.6925,1479
32386,-0.9313,1.2594,11.2551,1479
32391,-0.577,1.2605,10.969,1492
32396,-0.8176,1.8818,10.2879,1487
32401,-1.2091,1.7813,10.7512,1491
32406,-0.9493,1.2139,11.2575,1486
32411,-0.6129,1.3192,10.9008,1487
32416,-0.8727,1.8292,10.4136,1479
32421,-1.1337,1.7358,10.9032,1481
32426,-0.8033,1.1061,11.2743,1478
32431,-0.5507,1.5191,10.6997,1489
32436,-0.905,1.9477,10.4471,1484
32441,-1.1205,1.6927,11.0097,1487
32446,-0.7721,1.0965,11.315,1486
32451,-0.6476,1.5323,10.5955,1491
32456,-1.0343,1.8902,10.416,1483
32461,-1.1779,1.5814,11.1139,1493
32466,-0.7063,1.1588,11.1965,1487
32471,-0.6357,1.6867,10.5608,1486
32476,-1.0439,1.9884,10.5213,1493
32481,-1.057,1.4353,11.1833,1479
32486,-0.6129,1.1923,11.0875,1481
32491,-0.6393,1.6723,10.5141,1481
32496,-1.0894,1.9034,10.653,1484
32501,-1.0463,1.3264,11.2252,1543
32506,-0.6045,1.2701,11.0828,1499
32511,-0.7446,1.8423,10.4531,1483
32516,-1.1576,1.9405,10.6686,1480
32521,-0.984,1.2546,11.2085,1479
32526,-0.6153,1.2438,10.981,1485
32531,-0.8092,1.7861,10.3884,1478
32536,-1.1396,1.7358,10.7655,1481
32541,-0.8296,1.1744,11.2803,1488
32546,-0.4932,1.3946,10.7931,1499
32551,-0.8619,1.889,10.471,1478
32556,-1.1708,1.743,10.8553,1487
32561,-0.82,1.0822,11.2516,1477
32566,-0.5878,1.494,10.6961,1484
32571,-0.9768,1.8783,10.4782,1485
32576,-1.1696,1.6807,10.9547,1495
32581,-0.7781,1.1337,11.1941,1477
32586,-0.6141,1.652,10.5788,1485
32591,-1.0211,1.974,10.3825,1485
32596,-1.0942,1.549,11.1235,1491
32601,-0.7302,1.1193,11.1486,1483
32606,-0.6369,1.5957,10.5836,1487
32611,-1.0415,1.9297,10.5465,1502
32616,-1.0163,1.3862,11.1881,1484
32621,-0.5962,1.2007,11.1271,1478
32626,-0.6752,1.6879,10.4651,1481
32631,-1.1564,1.9537,10.6722,1478
32636,-1.0546,1.3216,11.1917,1480
32641,-0.5974,1.2522,11.0265,1501
32646,-0.7793,1.7717,10.4375,1491
32651,-1.1624,1.8136,10.6817,1485
32656,-0.9481,1.245,11.2527,1479
32661,-0.5842,1.2701,10.9128,1482
32666,-0.7841,1.8579,10.4303,1500
32671,-1.0918,1.7897,10.7691,1493
32676,-0.8344,1.1313,11.3389,1468
32681,-0.5638,1.385,10.9008,1493
32686,-0.9014,1.8471,10.4375,1477
32691,-1.1372,1.7035,10.8409,1480
32696,-0.8464,1.148,11.2683,1480
32701,-0.6524,1.5586,10.6722,1485
32706,-1.0786,1.8962,10.3741,1481
32711,-1.233,1.6532,10.9583,1495
32716,-0.8068,1.0654,11.1582,1486
32721,-0.6213,1.6293,10.6422,1485
32726,-0.9649,1.8783,10.4447,1479
32731,-1.0271,1.5012,11.0887,1483
32736,-0.6105,1.1181,11.1678,1487
32741,-0.5555,1.6221,10.5441,1497
32746,-0.9876,1.8926,10.5297,1496
32751,-1.0523,1.3695,11.1606,1481
32756,-0.6548,1.221,11.0947,1485
32761,-0.7649,1.7358,10.3813,1493
32766,-1.2318,1.9369,10.5896,1485
32771,-1.0989,1.3743,11.1785,1479
32776,-0.6943,1.2402,11.054,1490
32781,-0.7985,1.8016,10.4327,1499
32786,-1.1301,1.8016,10.6698,1478
32791,-0.8009,1.257,11.2994,1485
32796,-0.4441,1.2701,10.9619,1491
32801,-0.7338,1.8328,10.4208,1496
32806,-1.0726,1.743,10.7919,1482
32811,-0.8428,1.1588,11.2551,1485
32816,-0.6189,1.4341,10.7859,1495
32821,-0.9577,1.8663,10.398,1471
32826,-1.2713,1.731,10.8972,1477
32831,-0.9086,1.1408,11.2336,1479
32836,-0.7015,1.6137,10.744,1507
32841,-0.9625,1.8962,10.4315,1485
32846,-1.0786,1.67,11.0528,1499
32851,-0.6464,1.0654,11.1666,1487
32856,-0.5507,1.5802,10.6578,1486
32861,-0.9505,1.8806,10.4794,1482
32866,-1.0295,1.4712,11.1282,1499
32871,-0.589,1.221,11.1354,1480
32876,-0.6764,1.6867,10.5105,1491
32881,-1.1803,1.9776,10.495,1496
32886,-1.1624,1.4102,11.1761,1481
32891,-0.7219,1.2366,11.1067,1490
32896,-0.7482,1.7142,10.5261,1481
32901,-1.1325,1.8854,10.5896,1485
32906,-0.9768,1.2917,11.2635,1483
32911,-0.5519,1.2617,10.9786,1491
32916,-0.7171,1.8387,10.4208,1496
32921,-1.0882,1.8208,10.7248,1497
32926,-0.8691,1.2725,11.315,1483
32931,-0.5447,1.2881,10.8565,1494
32936,-0.899,1.8723,10.3513,1489
32941,-1.1971,1.7621,10.8553,1503
32946,-0.9182,1.1564,11.2551,1485
32951,-0.5997,1.4605,10.7631,1493
32956,-1.0032,1.9118,10.3693,1485
32961,-1.1732,1.7166,10.9583,1483
32966,-0.7769,1.0654,11.2695,1481
32971,-0.5291,1.5754,10.7248,1489
32976,-0.893,1.8495,10.4758,1470
32981,-1.0953,1.5431,11.0456,1493
32986,-0.7207,1.1396,11.2348,1487
32991,-0.6357,1.6137,10.5776,1493
32996,-1.0894,1.986,10.5022,1481
33001,-1.1444,1.4545,11.0995,1481
33006,-0.7123,1.2258,11.133,1479
33011,-0.7266,1.6735,10.4698,1485
33016,-1.1408,1.9513,10.5596,1495
33021,-1.0187,1.3431,11.1618,1489
33026,-0.589,1.2258,11.0732,1497
33031,-0.6704,1.7035,10.4327,1480
33036,-1.0738,1.8639,10.6374,1483
33041,-0.9098,1.2941,11.2755,1481
33046,-0.5459,1.2558,10.9894,1505
33051,-0.7697,1.822,10.4675,1493
33056,-1.1732,1.7909,10.7164,1495
33061,-0.9565,1.2198,11.2599,1480
33066,-0.6572,1.3324,10.8314,1485
33071,-0.9266,1.8603,10.3765,1491
33076,-1.1504,1.8064,10.8649,1478
33081,-0.8296,1.1768,11.2013,1485
33086,-0.5543,1.5155,10.7978,1491
33091,-0.929,1.8543,10.4303,1413
33096,-1.0822,1.6556,10.9798,1485
33101,-0.7386,1.0379,11.242,1485
33106,-0.559,1.5299,10.6554,1487
33111,-1.0008,1.8627,10.4387,1485
33116,-1.1217,1.6041,11.0433,1487
33121,-0.723,1.1768,11.2108,1494
33126,-0.6393,1.658,10.5105,1496
33131,-1.075,1.9405,10.495,1486
33136,-1.1241,1.4281,11.1007,1483
33141,-0.6919,1.142,11.1414,1495
33146,-0.6476,1.6484,10.5153,1483
33151,-1.0714,1.8759,10.6159,1501
33156,-1.0032,1.397,11.2025,1481
33161,-0.6105,1.2761,11.0672,1499
33166,-0.735,1.7729,10.4411,1484
33171,-1.1396,1.8316,10.6159,1487
33176,-0.9445,1.2989,11.3126,1478
33181,-0.5459,1.251,10.9774,1493
33186,-0.7973,1.8244,10.4507,1483
33191,-1.1839,1.7968,10.7631,1485
33196,-0.8751,1.257,11.2575,1497
33201,-0.5626,1.391,10.8158,1495
33206,-0.8942,1.8878,10.3513,1481
33211,-1.1708,1.7154,10.8661,1485
33216,-0.8164,1.0965,11.2013,1481
33221,-0.5842,1.5131,10.726,1483
33226,-0.9074,1.8914,10.3813,1483
33231,-1.1097,1.6855,11.0061,1494
33236,-0.723,1.1384,11.1953,1481
33241,-0.5997,1.6113,10.574,1493
33246,-0.9637,1.9357,10.4806,1482
33251,-1.1396,1.5191,11.0552,1491
33256,-0.7147,1.1576,11.1701,1481
33261,-0.6273,1.5921,10.5584,1495
33266,-1.1049,1.9549,10.5249,1494
33271,-1.0558,1.4808,11.1618,1481
33276,-0.5974,1.2462,11.1151,1496
33281,-0.6464,1.6879,10.5285,1483
33286,-1.1145,1.901,10.6123,1485
33291,-0.9816,1.3408,11.2312,1486
33296,-0.6009,1.2486,10.993,1494
33301,-0.6895,1.7753,10.4124,1493
33306,-1.1349,1.8711,10.6985,1485
33311,-0.9134,1.3001,11.2288,1481
33316,-0.6081,1.2785,10.9678,1495
33321,-0.8224,1.8112,10.4076,1484
33326,-1.1696,1.8004,10.8397,1485
33331,-0.8499,1.154,11.2707,1487
33336,-0.5746,1.4006,10.8278,1497
33341,-0.9182,1.8579,10.4339,1487
33346,-1.1337,1.7705,10.9559,1485
33351,-0.7542,1.1205,11.2348,1483
33356,-0.5674,1.5287,10.7212,1495
33361,-0.9577,1.8591,10.4399,1485
33366,-1.1911,1.6424,10.9523,1495
33371,-0.747,1.1049,11.2468,1481
33376,-0.6488,1.6029,10.6063,1481
33381,-1.0092,1.9082,10.4746,1484
33386,-1.1253,1.4593,11.1079,1484
33391,-0.6608,1.1672,11.1666,1484
33396,-0.6404,1.6221,10.5225,1495
33401,-1.063,1.9309,10.5237,1499
33406,-1.0319,1.3946,11.1797,1481
33411,-0.5842,1.2043,11.0923,1464
33416,-0.6692,1.7107,10.5273,1487
33421,-1.1301,1.8735,10.5931,1487
33426,-0.9601,1.2929,11.2156,1486
33431,-0.5662,1.2127,11.0193,1497
33436,-0.7913,1.7765,10.3813,1499
33441,-1.1744,1.8387,10.7464,1485
33446,-0.9254,1.2857,11.2539,1481
33451,-0.5734,1.3467,10.9044,1493
33456,-0.7877,1.8675,10.4136,1485
33461,-1.1349,1.7334,10.8948,1486
33466,-0.8727,1.0858,11.3126,1485
33471,-0.559,1.3719,10.7967,1501
33476,-0.8787,1.8914,10.4363,1487
33481,-1.1432,1.7573,10.9056,1479
33486,-0.7757,1.1229,11.3018,1482
33491,-0.6488,1.5622,10.6494,1493
33496,-1.0187,1.8567,10.4734,1485
33501,-1.1396,1.5622,10.9762,1497
33506,-0.7087,1.1097,11.212,1485
33511,-0.6213,1.5862,10.5776,1494
33516,-1.0235,1.9321,10.4866,1487
33521,-1.1073,1.5155,11.1342,1485
33526,-0.6907,1.2342,11.078,1490
33531,-0.6381,1.634,10.5034,1491
33536,-1.0882,1.8974,10.5297,1490
33541,-1.0319,1.3479,11.2408,1479
33546,-0.6249,1.2151,11.0433,1491
33551,-0.7614,1.737,10.4435,1487
33556,-1.1779,1.9106,10.7069,1480
33561,-0.972,1.3767,11.2707,1484
33566,-0.5878,1.2893,11.0468,1481
33571,-0.8128,1.81,10.3741,1495
33576,-1.1265,1.7561,10.8326,1491
33581,-0.8655,1.221,11.2827,1487
33586,-0.5339,1.3767,10.835,1495
33591,-0.8428,1.8651,10.3837,1485
33596,-1.1827,1.743,10.8589,1483
33601,-0.8416,1.1432,11.2958,1490
33606,-0.6021,1.4832,10.7093,1497
33611,-0.9625,1.8711,10.416,1485
33616,-1.1947,1.7047,10.9271,1497
33621,-0.826,1.1229,11.2611,1487
33626,-0.5854,1.6209,10.6626,1491
33631,-1.0104,1.9273,10.4806,1492
33636,-1.1085,1.5634,11.0528,1497
33641,-0.6895,1.1444,11.1725,1486
33646,-0.6237,1.6173,10.6087,1495
33651,-1.0463,1.8998,10.4962,1485
33656,-1.0726,1.4257,11.224,1481
33661,-0.6381,1.2067,11.1618,1487
33666,-0.6644,1.6927,10.5022,1496
33671,-1.1432,1.9261,10.556,1483
33676,-1.0367,1.3372,11.2336,1483
33681,-0.6177,1.2594,11.0708,1497
33686,-0.7494,1.749,10.4004,1487
33691,-1.0942,1.8531,10.6865,1486
33696,-0.9613,1.2881,11.1977,1481
33701,-0.5124,1.2857,10.9834,1487
33706,-0.7626,1.8232,10.4076,1491
33711,-1.1265,1.7777,10.7978,1485
33716,-0.8691,1.2067,11.3018,1492
33721,-0.5555,1.3527,10.9008,1493
33726,-0.8727,1.8531,10.4184,1495
33731,-1.1576,1.7406,10.8757,1483
33736,-0.7997,1.1073,11.2516,1491
33741,-0.5854,1.506,10.7081,1492
33746,-0.9948,1.9094,10.404,1478
33751,-1.1337,1.658,10.9499,1501
33756,-0.7542,1.0858,11.2073,1477
33761,-0.5614,1.5335,10.5704,1495
33766,-0.9876,1.8914,10.4567,1484
33771,-1.1001,1.5826,11.0911,1491
33776,-0.7147,1.1779,11.2049,1483
33781,-0.6249,1.652,10.5656,1493
33786,-1.0906,1.8866,10.5345,1487
33791,-1.0858,1.3707,11.1797,1487
33796,-0.6704,1.1779,11.1211,1491
33801,-0.7278,1.6807,10.4615,1485
33806,-1.1217,1.98,10.6147,1487
33811,-1.0032,1.3563,11.1809,1485
33816,-0.6404,1.2558,11.0277,1499
33821,-0.7494,1.7394,10.4244,1491
33826,-1.1372,1.8328,10.7069,1493
33831,-0.9182,1.1803,11.2252,1483
33836,-0.5638,1.2402,10.9271,1491
33841,-0.7841,1.8304,10.3741,1480
33846,-1.1301,1.8232,10.8481,1497
33851,-0.8667,1.221,11.2539,1492
33856,-0.6045,1.4198,10.7691,1485
33861,-0.9134,1.8771,10.3418,1485
33866,-1.1887,1.7238,10.92,1477
33871,-0.8248,1.0654,11.2635,1483
33876,-0.6201,1.4916,10.6985,1485
33881,-0.9325,1.8854,10.3896,1487
33886,-1.1001,1.7178,11.0349,1499
33891,-0.7051,1.1193,11.2168,1483
33896,-0.6093,1.6305,10.6207,1491
33901,-1.0283,1.8639,10.4363,1485
33906,-1.1301,1.4832,11.1247,1483
33911,-0.68,1.1372,11.1522,1486
33916,-0.6464,1.6688,10.4938,1487
33921,-1.0989,1.968,10.5129,1501
33926,-1.0714,1.4329,11.1594,1477
33931,-0.6345,1.2354,11.0804,1496
33936,-0.6871,1.6616,10.4495,1491
33941,-1.0906,1.8543,10.5788,1484
33946,-0.984,1.2761,11.2563,1479
33951,-0.6189,1.2522,11.0145,1499
33956,-0.7626,1.7957,10.4579,1507
33961,-1.1181,1.8375,10.7524,1491
33966,-0.8775,1.306,11.333,1482
33971,-0.5698,1.3012,10.8661,1491
33976,-0.8739,1.8663,10.4339,1481
33981,-1.1851,1.7418,10.8086,1481
33986,-0.8499,1.1708,11.2863,1483
33991,-0.5854,1.4629,10.7392,1493
33996,-0.9014,1.8723,10.3956,1491
34001,-1.2091,1.7119,10.9678,1483
34006,-0.8104,1.136,11.2444,1479
34011,-0.5567,1.549,10.6698,1492
34016,-0.9637,1.8866,10.4208,1487
34021,-1.1193,1.5718,11.0768,1495
34026,-0.6943,1.1372,11.1797,1483
34031,-0.5902,1.5945,10.6195,1491
34036,-1.0187,1.9058,10.4986,1487
34041,-1.0786,1.4461,11.1606,1485
34046,-0.6584,1.1995,11.1713,1485
34051,-0.6907,1.6472,10.4782,1493
34056,-1.1097,1.9237,10.483,1495
34061,-1.0475,1.3623,11.1546,1492
34066,-0.6021,1.2246,11.0983,1491
34071,-0.7326,1.6783,10.416,1483
34076,-1.1169,1.7873,10.6757,1491
34081,-0.9337,1.2617,11.2563,1483
34086,-0.5782,1.2689,10.9738,1497
34091,-0.7422,1.828,10.386,1499
34096,-1.1564,1.7933,10.7464,1485
34101,-0.9313,1.1947,11.2468,1490
34106,-0.6057,1.3204,10.7943,1495
34111,-0.8835,1.8747,10.3741,1490
34116,-1.1648,1.7334,10.8421,1482
34121,-0.8236,1.1037,11.2348,1484
34126,-0.5878,1.5012,10.72,1493
34131,-0.9397,1.8711,10.3908,1486
34136,-1.081,1.7178,11.0241,1493
34141,-0.7254,1.1073,11.2444,1485
34146,-0.5578,1.6017,10.6494,1493
34151,-0.9996,1.8304,10.4351,1485
34156,-1.1313,1.561,11.0624,1489
34161,-0.7027,1.1504,11.1486,1492
34166,-0.6357,1.6544,10.5153,1508
34171,-1.0786,1.9668,10.4866,1493
34176,-1.1001,1.4473,11.139,1485
34181,-0.6835,1.1923,11.1115,1493
34186,-0.6883,1.6376,10.4447,1489
34191,-1.1001,1.8998,10.6135,1487
34196,-0.9661,1.3408,11.2061,1487
34201,-0.595,1.2354,11.0193,1503
34206,-0.729,1.7945,10.4256,1489
34211,-1.1277,1.8627,10.6722,1485
34216,-0.8918,1.2893,11.2611,1481
34221,-0.589,1.2546,10.8697,1491
34226,-0.832,1.8507,10.3992,1481
34231,-1.2163,1.7789,10.8026,1487
34236,-0.8703,1.233,11.3042,1491
34241,-0.559,1.4413,10.7548,1503
34246,-0.8954,1.9249,10.3813,1481
34251,-1.1504,1.7729,10.9307,1484
34256,-0.8128,1.0798,11.2456,1485
34261,-0.6045,1.5359,10.6745,1490
34266,-0.9613,1.8579,10.4136,1490
34271,-1.0798,1.64,11.0971,1501
34276,-0.7207,1.1145,11.2468,1490
34281,-0.6261,1.5897,10.562,1493
34286,-1.0259,1.9405,10.5273,1470
34291,-1.1145,1.4605,11.1259,1491
34296,-0.6716,1.1947,11.1845,1487
34301,-0.6716,1.6424,10.4663,1494
34306,-1.1145,1.9668,10.6315,1497
34311,-1.0331,1.3599,11.1965,1487
34316,-0.5818,1.2641,11.0516,1507
34321,-0.6883,1.7083,10.4279,1487
34326,-1.1408,1.8495,10.6865,1487
34331,-0.9625,1.2917,11.2204,1483
34336,-0.5662,1.2653,10.9714,1494
34341,-0.7901,1.8112,10.4902,1495
34346,-1.1456,1.8244,10.7703,1491
34351,-0.8715,1.221,11.3054,1487
34356,-0.6189,1.336,10.8278,1489
34361,-0.9122,1.8316,10.4172,1480
34366,-1.1289,1.7119,10.884,1478
34371,-0.8128,1.1253,11.2911,1485
34376,-0.5662,1.5323,10.7931,1491
34381,-0.9661,1.8902,10.4064,1490
34386,-1.1337,1.7298,11.0205,1493
34391,-0.7087,1.1301,11.1929,1481
34396,-0.571,1.6065,10.7021,1485
34401,-0.9912,1.8364,10.4351,1487
34406,-1.1289,1.4461,11.1091,1490
34411,-0.6871,1.1708,11.2156,1493
34416,-0.6153,1.6484,10.4878,1531
34421,-1.081,1.9513,10.4998,1491
34426,-1.075,1.4485,11.1654,1479
34431,-0.6584,1.2163,11.1235,1487
34436,-0.7219,1.6448,10.4016,1485
34441,-1.1205,1.8675,10.6554,1491
34446,-0.9649,1.2953,11.2312,1485
34451,-0.5387,1.2438,10.9798,1499
34456,-0.7099,1.8112,10.4327,1495
34461,-1.1289,1.8304,10.6698,1487
34466,-0.8643,1.3156,11.2707,1479
34471,-0.5902,1.3144,10.9104,1493
34476,-0.8284,1.8244,10.3813,1483
34481,-1.2055,1.7502,10.8194,1490
34486,-0.8523,1.1744,11.3018,1487
34491,-0.5902,1.47,10.7296,1496
34496,-0.9206,1.8711,10.386,1481
34501,-1.1001,1.7478,10.963,1483
34506,-0.7386,1.1013,11.1869,1483
34511,-0.5782,1.5407,10.6638,1490
34516,-0.9792,1.8411,10.4315,1491
34521,-1.0678,1.5957,11.066,1507
34526,-0.6728,1.0977,11.1929,1549
34531,-0.6297,1.6544,10.5512,1487
34536,-1.0475,1.9237,10.5105,1485
34541,-1.0858,1.4784,11.1055,1485
34546,-0.6416,1.2175,11.1318,1485
34551,-0.6488,1.6484,10.5261,1493
34556,-1.1073,1.9142,10.5943,1492
34561,-1.0271,1.3455,11.2013,1483
34566,-0.6093,1.2641,11.0492,1501
34571,-0.668,1.7609,10.4052,1491
34576,-1.1349,1.919,10.6745,1479
34581,-0.9373,1.2857,11.23,1480
34586,-0.583,1.2653,10.9523,1491
34591,-0.8116,1.8627,10.3693,1499
34596,-1.1648,1.8064,10.7548,1491
34601,-0.917,1.233,11.2695,1495
34606,-0.6129,1.3719,10.8122,1492
34611,-0.9002,1.8256,10.3489,1485
34616,-1.1803,1.7549,10.8924,1484
34621,-0.8344,1.1552,11.2791,1491
34626,-0.5279,1.5383,10.7272,1495
34631,-0.9002,1.816,10.4279,1487
34636,-1.1349,1.6987,11.0277,1495
34641,-0.747,1.1109,11.2085,1480
34646,-0.5734,1.5646,10.6506,1486
34651,-1.0199,1.9082,10.4351,1559
34656,-1.1349,1.4892,11.1043,1481
34661,-0.7302,1.1768,11.1881,1491
34666,-0.6859,1.6484,10.5249,1499
34671,-1.0977,1.9333,10.5417,1491
34676,-1.0726,1.3515,11.163,1478
34681,-0.5962,1.1863,11.1354,1489
34686,-0.7063,1.6568,10.4399,1486
34691,-1.0834,1.8759,10.6063,1484
34696,-0.9589,1.2893,11.2851,1481
34701,-0.5555,1.2869,11.0193,1499
34706,-0.7638,1.8244,10.4686,1496
34711,-1.136,1.8124,10.7117,1483
34716,-0.9325,1.257,11.2946,1479
34721,-0.5854,1.2558,10.8673,1491
34726,-0.8607,1.804,10.4196,1483
34731,-1.1325,1.7777,10.7763,1487
34736,-0.8511,1.1672,11.2803,1486
34741,-0.6045,1.4305,10.8278,1497
34746,-0.8978,1.8723,10.3693,1479
34751,-1.093,1.7107,10.9463,1490
34756,-0.7697,1.0523,11.2719,1485
34761,-0.5926,1.4808,10.726,1491
34766,-0.9948,1.8352,10.4184,1485
34771,-1.1432,1.6041,11.0265,1499
34776,-0.723,1.1552,11.2049,1483
34781,-0.6237,1.6532,10.58,1489
34786,-1.0223,1.9213,10.4962,1484
34791,-1.1049,1.4581,11.084,1487
34796,-0.7195,1.1325,11.1366,1483
34801,-0.6512,1.6305,10.489,1495
34806,-1.0726,1.9321,10.5536,1507
34811,-1.0439,1.4138,11.169,1485
34816,-0.6129,1.2426,11.0947,1495
34821,-0.7111,1.7609,10.4555,1485
34826,-1.1181,1.8579,10.5776,1491
34831,-0.9768,1.3072,11.2923,1485
34836,-0.595,1.239,11.0121,1499
34841,-0.8236,1.8004,10.416,1497
34846,-1.1851,1.798,10.7272,1491
34851,-0.8835,1.2462,11.2695,1479
34856,-0.583,1.3479,10.7967,1489
34861,-0.8535,1.8974,10.3848,1485
34866,-1.1552,1.8004,10.8733,1491
34871,-0.82,1.0989,11.2073,1491
34876,-0.5638,1.4808,10.7751,1491
34881,-0.9349,1.8818,10.4076,1493
34886,-1.1169,1.7214,11.0014,1489
34891,-0.7542,1.1145,11.2743,1481
34896,-0.6093,1.6017,10.6362,1485
34901,-0.9912,1.9118,10.4591,1493
34906,-1.1205,1.5287,11.0875,1492
34911,-0.6967,1.1851,11.1761,1491
34916,-0.6237,1.6376,10.4998,1496
34921,-1.0714,1.9656,10.5273,1493
34926,-1.0678,1.4509,11.1654,1495
34931,-0.6153,1.233,11.1067,1477
34936,-0.6716,1.6508,10.4938,1489
34941,-1.1133,1.8854,10.5979,1493
34946,-1.0223,1.3228,11.248,1485
34951,-0.5686,1.1983,11.0157,1491
34956,-0.6955,1.7837,10.4902,1487
34961,-1.0977,1.889,10.6434,1483
34966,-0.9086,1.3132,11.303,1489
34971,-0.5974,1.2737,10.9283,1493
34976,-0.8164,1.8244,10.4196,1484
34981,-1.1588,1.7585,10.8362,1491
34986,-0.8559,1.1372,11.3054,1489
34991,-0.5674,1.4641,10.8074,1491
34996,-0.9134,1.889,10.398,1485
35001,-1.1528,1.7861,10.9415,1483
35006,-0.7614,1.1085,11.2779,1491
35011,-0.5878,1.5024,10.7093,1495
35016,-0.9697,1.816,10.4244,1485
35021,-1.093,1.5897,11.0433,1501
35026,-0.7123,1.1672,11.2097,1485
35031,-0.6045,1.6245,10.5955,1487
35036,-1.0187,1.9213,10.5022,1491
35041,-1.1073,1.4676,11.1067,1510
35046,-0.7219,1.166,11.1701,1493
35051,-0.7135,1.5706,10.4902,1509
35056,-1.1337,1.9046,10.5716,1493
35061,-0.9972,1.3467,11.1917,1481
35066,-0.5746,1.2426,11.0852,1544
35071,-0.7195,1.7741,10.4495,1495
35076,-1.1301,1.8914,10.6003,1481
35081,-0.9649,1.3264,11.2863,1483
35086,-0.5686,1.1887,10.9595,1493
35091,-0.7889,1.7418,10.4028,1495
35096,-1.1768,1.7597,10.732,1495
35101,-0.9313,1.2115,11.2587,1491
35106,-0.5782,1.3779,10.8864,1491
35111,-0.8739,1.8771,10.3394,1478
35116,-1.1839,1.7933,10.8888,1491
35121,-0.8499,1.1384,11.2731,1485
35126,-0.5722,1.488,10.7859,1499
35131,-0.917,1.8483,10.4208,1487
35136,-1.093,1.6735,10.9906,1487
35141,-0.7386,1.1169,11.236,1481
35146,-0.5698,1.6029,10.6638,1493
35151,-1.008,1.9237,10.4591,1479
35156,-1.0977,1.5586,11.0433,1497
35161,-0.7039,1.1301,11.1857,1491
35166,-0.6764,1.5981,10.568,1499
35171,-1.0702,1.9225,10.5153,1480
35176,-1.1145,1.4581,11.1199,1483
35181,-0.6776,1.239,11.0804,1485
35186,-0.68,1.7262,10.4363,1485
35191,-1.1169,1.9309,10.5872,1485
35196,-1.0223,1.3192,11.2516,1483
35201,-0.5866,1.1863,11.0349,1495
35206,-0.7003,1.7633,10.4447,1481
35211,-1.1085,1.8471,10.6686,1494
35216,-0.9242,1.2905,11.2923,1485
35221,-0.583,1.2749,10.9223,1496
35226,-0.844,1.8579,10.3729,1495
35231,-1.1779,1.828,10.8242,1489
35236,-0.8918,1.2186,11.2887,1491
35241,-0.5578,1.3827,10.835,1499
35246,-0.917,1.8304,10.3872,1481
35251,-1.2007,1.7346,10.9559,1502
35256,-0.814,1.0798,11.2396,1489
35261,-0.5435,1.5479,10.7093,1493
35266,-0.9361,1.8543,10.4315,1487
35271,-1.0953,1.652,11.0061,1498
35276,-0.729,1.1205,11.2611,1482
35281,-0.6488,1.6257,10.55,1495
35286,-1.0786,1.9453,10.4842,1483
35291,-1.1181,1.4605,11.1091,1495
35296,-0.6919,1.1971,11.1558,1482
35301,-0.7147,1.6113,10.4483,1496
35306,-1.1193,1.9704,10.5524,1496
35311,-1.081,1.4329,11.1833,1485
35316,-0.6201,1.221,11.0756,1491
35321,-0.6452,1.7131,10.4782,1491
35326,-1.0846,1.8854,10.6051,1484
35331,-0.9756,1.3192,11.2468,1485
35336,-0.5507,1.2234,11.0073,1497
35341,-0.7769,1.7741,10.4088,1497
35346,-1.1492,1.8387,10.7224,1489
35351,-0.9601,1.2498,11.2982,1477
35356,-0.5914,1.3503,10.9116,1491
35361,-0.8655,1.8519,10.3609,1493
35366,-1.1732,1.7478,10.9176,1486
35371,-0.82,1.093,11.2683,1487
35376,-0.5686,1.3886,10.8158,1496
35381,-0.9122,1.8423,10.3932,1491
35386,-1.0666,1.7202,10.9607,1480
35391,-0.7254,1.1157,11.2695,1483
35396,-0.5734,1.5718,10.6111,1484
35401,-1.0032,1.8926,10.4902,1493
35406,-1.1779,1.5574,11.0157,1503
35411,-0.7865,1.0977,11.2228,1492
35416,-0.6297,1.6053,10.5752,1495
35421,-1.0319,1.974,10.4698,1486
35426,-1.0774,1.4653,11.1199,1491
35431,-0.6596,1.2103,11.1426,1483
35436,-0.6428,1.6508,10.501,1495
35441,-1.0726,1.8711,10.5632,1495
35446,-1.0427,1.3288,11.2599,1484
35451,-0.6009,1.1265,11.0852,1493
35456,-0.7302,1.7442,10.4375,1482
35461,-1.1468,1.8591,10.574,1491
35466,-0.9385,1.3252,11.2563,1484
35471,-0.577,1.2833,10.9415,1497
35476,-0.8392,1.8232,10.4447,1497
35481,-1.2031,1.7957,10.8002,1493
35486,-0.9254,1.1911,11.23,1480
35491,-0.5674,1.3384,10.8362,1493
35496,-0.826,1.8555,10.386,1484
35501,-1.1301,1.7717,10.8984,1485
35506,-0.8236,1.1205,11.2432,1483
35511,-0.5495,1.5347,10.7236,1494
35516,-0.8871,1.8459,10.3884,1487
35521,-1.1337,1.6568,10.9571,1483
35526,-0.7985,1.0786,11.2216,1483
35531,-0.6285,1.6041,10.6267,1526
35536,-1.0666,1.9201,10.483,1491
35541,-1.1301,1.5838,11.0145,1491
35546,-0.6931,1.1959,11.2228,1487
35551,-0.6464,1.664,10.5369,1501
35556,-1.0654,1.9453,10.489,1491
35561,-1.0343,1.4234,11.1271,1487
35566,-0.6309,1.1768,11.163,1490
35571,-0.6189,1.6987,10.568,1491
35576,-1.0606,1.9297,10.58,1495
35581,-1.0343,1.3599,11.2192,1491
35586,-0.6464,1.2115,10.9966,1495
35591,-0.7398,1.7705,10.4363,1483
35596,-1.1636,1.8304,10.6674,1491
35601,-0.9697,1.2713,11.2156,1484
35606,-0.6201,1.2773,10.9894,1491
35611,-0.8236,1.8328,10.3884,1491
35616,-1.1349,1.8136,10.8457,1485
35621,-0.8308,1.1708,11.2599,1494
35626,-0.5351,1.3815,10.8781,1492
35631,-0.8906,1.8543,10.3777,1485
35636,-1.1672,1.7813,10.9547,1480
35641,-0.7997,1.1504,11.3006,1481
35646,-0.6141,1.5514,10.671,1491
35651,-0.9912,1.9309,10.3944,1493
35656,-1.1911,1.6532,11.0169,1495
35661,-0.8128,1.1025,11.242,1485
35666,-0.6081,1.5862,10.5919,1493
35671,-0.9864,1.9106,10.5093,1479
35676,-1.0487,1.5012,11.0875,1491
35681,-0.6536,1.1768,11.1618,1484
35686,-0.6404,1.6149,10.5417,1497
35691,-1.0846,1.8747,10.5668,1508
35696,-1.0403,1.3431,11.218,1485
35701,-0.5974,1.1863,11.0899,1485
35706,-0.7542,1.6316,10.4998,1486
35711,-1.1325,1.8747,10.6063,1483
35716,-0.978,1.3384,11.2444,1485
35721,-0.5938,1.2438,11.0014,1515
35726,-0.759,1.8004,10.3657,1498
35731,-1.1684,1.7897,10.756,1481
35736,-0.9122,1.2115,11.2875,1483
35741,-0.5722,1.2953,10.8864,1461
35746,-0.7913,1.81,10.3621,1489
35751,-1.1037,1.7873,10.9343,1491
35756,-0.7961,1.16,11.2587,1492
35761,-0.5782,1.5024,10.7859,1497
35766,-0.9122,1.828,10.41,1483
35771,-1.1456,1.725,10.9068,1483
35776,-0.7997,1.087,11.2647,1484
35781,-0.595,1.5766,10.6434,1486
35786,-1.0187,1.8579,10.4495,1477
35791,-1.1504,1.6197,11.0313,1506
35796,-0.7039,1.1636,11.2456,1493
35801,-0.5842,1.6101,10.5931,1499
35806,-1.0139,1.9249,10.4722,1482
35811,-1.0977,1.4736,11.1294,1483
35816,-0.6488,1.1552,11.0684,1491
35821,-0.68,1.6592,10.5058,1497
35826,-1.0618,1.9549,10.5249,1496
35831,-1.0283,1.385,11.1917,1487
35836,-0.6117,1.2342,11.0385,1496
35841,-0.7422,1.7334,10.3908,1485
35846,-1.1708,1.895,10.6734,1494
35851,-0.9744,1.2785,11.2408,1481
35856,-0.5698,1.2438,11.0026,1495
35861,-0.8104,1.828,10.3932,1500
35866,-1.166,1.8172,10.835,1483
35871,-0.8392,1.2222,11.2372,1483
35876,-0.5638,1.3958,10.8457,1491
35881,-0.8619,1.9046,10.3908,1481
35886,-1.1684,1.7681,10.8757,1487
35891,-0.8248,1.1061,11.2707,1486
35896,-0.5207,1.506,10.7583,1495
35901,-0.9433,1.9058,10.4172,1490
35906,-1.1408,1.6328,11.0229,1495
35911,-0.7649,1.0942,11.2324,1487
35916,-0.5578,1.5754,10.6231,1494
35921,-0.9936,1.9513,10.4722,1487
35926,-1.0906,1.5562,11.1127,1495
35931,-0.6776,1.1528,11.1546,1485
35936,-0.6776,1.652,10.5405,1493
35941,-1.1109,1.9357,10.471,1491
35946,-1.0894,1.4018,11.2061,1489
35951,-0.6201,1.1839,11.0492,1483
35956,-0.6895,1.6975,10.4734,1483
35961,-1.1205,1.8902,10.6446,1486
35966,-0.9649,1.3623,11.2013,1485
35971,-0.5902,1.2617,11.0516,1497
35976,-0.7685,1.7861,10.3896,1495
35981,-1.1217,1.8016,10.7416,1485
35986,-0.9182,1.2175,11.3018,1493
35991,-0.6045,1.3084,10.9235,1497
35996,-0.8487,1.8794,10.3801,1483
36001,-1.142,1.8292,10.8122,1493
36006,-0.7949,1.1768,11.2144,1491
36011,-0.6105,1.4413,10.7643,1499
36016,-0.9529,1.8268,10.4591,1480
36021,-1.172,1.6903,10.9092,1491
36026,-0.7673,1.081,11.2863,1491
36031,-0.5243,1.5323,10.6326,1481
36036,-0.972,1.9094,10.4495,1484
36041,-1.1265,1.6293,11.0708,1497
36046,-0.7362,1.1384,11.1725,1485
36051,-0.6033,1.5897,10.6087,1495
36056,-1.0558,1.8842,10.489,1484
36061,-1.1085,1.4317,11.1654,1489
36066,-0.668,1.1588,11.1678,1493
36071,-0.662,1.6544,10.4746,1493
36076,-1.0834,1.9441,10.5776,1499
36081,-0.99,1.4054,11.218,1485
36086,-0.5866,1.2019,11.0445,1507
36091,-0.7446,1.7166,10.4627,1485
36096,-1.166,1.816,10.6219,1491
36101,-0.9565,1.2498,11.2587,1477
36106,-0.5435,1.2342,10.9642,1495
36111,-0.8272,1.8364,10.416,1495
36116,-1.1444,1.8423,10.805,1485
36121,-0.8978,1.2294,11.2575,1483
36126,-0.5782,1.3467,10.823,1485
36131,-0.8583,1.8316,10.3669,1480
36136,-1.1157,1.7131,10.8948,1484
36141,-0.7985,1.0858,11.3042,1490
36146,-0.5854,1.488,10.671,1499
36151,-0.9577,1.8854,10.3848,1487
36156,-1.1253,1.7035,10.9619,1493
36161,-0.7254,1.1049,11.2168,1485
36166,-0.6225,1.6161,10.6315,1495
36171,-1.0092,1.8711,10.4686,1486
36176,-1.0882,1.5526,11.048,1481
36181,-0.6823,1.1552,11.0612,1496
36186,-0.6321,1.6927,10.5608,1498
36191,-1.0594,1.9429,10.5453,1483
36196,-1.081,1.4126,11.236,1485
36201,-0.6464,1.1564,11.0492,1487
36206,-0.6632,1.652,10.422,1491
36211,-1.0953,1.9166,10.5489,1494
36216,-1.0307,1.3503,11.1977,1480
36221,-0.6189,1.2091,10.9834,1497
36226,-0.7458,1.7514,10.2915,1485
36231,-1.154,1.7801,10.6255,1484
36236,-0.8918,1.2498,11.2839,1484
36241,-0.571,1.3144,11.0864,1495
36246,-0.8547,1.9357,10.5967,1492
36251,-1.1923,1.8878,10.9343,1481
36256,-0.9074,1.2797,11.3042,1491
36261,-0.6237,1.4724,10.7811,1493
36266,-0.9876,1.8687,10.4519,1486
36271,-1.2318,1.6951,10.8972,1479
36276,-0.8188,1.0858,11.2204,1490
36281,-0.5267,1.4904,10.6662,1498
36286,-0.9254,1.8639,10.4208,1495
36291,-1.0726,1.64,11.0253,1496
36296,-0.7111,1.1217,11.2372,1482
36301,-0.6069,1.585,10.5465,1492
36306,-1.0367,1.8663,10.3825,1485
36311,-1.1444,1.4329,11.1342,1495
36316,-0.6859,1.1504,11.139,1490
36321,-0.7159,1.6472,10.4974,1495
36326,-1.1121,1.9704,10.4938,1496
36331,-1.0295,1.4437,11.0983,1479
36336,-0.6045,1.2594,11.0708,1486
36341,-0.7003,1.725,10.4782,1491
36346,-1.1349,1.8004,10.6889,1497
36351,-1.008,1.2163,11.2875,1491
36356,-0.559,1.2043,11.0145,1500
36361,-0.7386,1.816,10.3777,1497
36366,-1.1265,1.8735,10.7296,1483
36371,-0.9481,1.2797,11.309,1481
36376,-0.6452,1.3348,10.902,1497
36381,-0.8847,1.8399,10.4256,1483
36386,-1.1839,1.6999,10.7871,1495
36391,-0.8679,1.0762,11.3485,1495
36396,-0.5926,1.4162,10.8062,1497
36401,-0.8763,1.913,10.4471,1487
36406,-1.075,1.7609,10.9391,1487
36411,-0.7554,1.1337,11.2108,1471
36416,-0.5543,1.5682,10.6303,1485
36421,-1.0175,1.8028,10.4208,1485
36426,-1.1265,1.5239,11.0983,1509
36431,-0.7494,1.1037,11.1749,1477
36436,-0.6201,1.6556,10.5261,1491
36441,-1.0139,1.9692,10.4315,1487
36446,-1.1085,1.5131,11.0983,1497
36451,-0.6788,1.2198,11.1271,1481
36456,-0.674,1.658,10.4686,1501
36461,-1.1001,1.895,10.5919,1500
36466,-1.002,1.3276,11.2168,1487
36471,-0.6141,1.1839,11.0971,1511
36476,-0.7003,1.7681,10.4315,1487
36481,-1.1325,1.9273,10.6626,1489
36486,-0.9589,1.2905,11.2671,1491
36491,-0.5926,1.2498,10.9654,1493
36496,-0.8344,1.8304,10.4124,1500
36501,-1.2139,1.7585,10.7212,1497
36506,-0.9385,1.1971,11.321,1483
36511,-0.6129,1.3874,10.8362,1481
36516,-0.8619,1.8986,10.4411,1485
36521,-1.1504,1.81,10.8254,1497
36526,-0.8212,1.1301,11.2695,1492
36531,-0.5507,1.4868,10.7667,1494
36536,-0.8906,1.8687,10.4423,1485
36541,-1.1169,1.6915,11.0313,1492
36546,-0.7566,1.0762,11.2372,1489
36551,-0.6189,1.5981,10.6446,1487
36556,-1.0092,1.9393,10.3837,1485
36561,-1.1229,1.6137,11.054,1501
36566,-0.7099,1.1815,11.1438,1491
36571,-0.6572,1.6281,10.58,1493
36576,-1.0534,1.9441,10.501,1483
36581,-1.069,1.4569,11.1091,1485
36586,-0.6596,1.221,11.0756,1495
