,segment,ax_mean,ax_std,ax_rms,ax_peak,ax_p2p,ax_crest,ay_mean,ay_std,ay_rms,ay_peak,ay_p2p,ay_crest,az_mean,az_std,az_rms,az_peak,az_p2p,az_crest,acc_mag_rms,acc_mag_std,acc_mag_peak,acc_mag_p2p,acs_mean,acs_std,acs_rms,acs_min,acs_max,acs_p2p,rpm_mean,rpm_median,rpm_std,rpm_min,rpm_max,rpm_p2p,rpm_cv_percent,rpm_slope_rpm_per_s,dominant_frequency_Hz,dominant_amplitude,spectral_energy,spectral_centroid_Hz
segment,1.0,0.07879554533071223,0.04165456706059639,0.04165456706059639,0.09312568661117784,0.09097011268413631,-0.03985317907789811,0.01965334529438246,0.13925336315690146,0.13925336315690146,0.12330399539997727,0.11714092669513959,0.10510795274328333,0.054163081913265396,0.15309773821494224,0.15309773821494224,0.16886494314215536,0.1719516234372757,0.07414027169240262,0.16364294202377155,0.018904453661125867,0.15234884658168565,0.006051854009289758,0.023519246453239256,-0.018155562088858424,0.023478764718314782,0.021081055976471502,0.01957300072211136,-0.04786972955729457,0.1372090914012551,0.006901954054309681,0.17734563488092595,-0.05849457506807384,0.2127866369991392,0.19085668204151068,0.17238675784990257,0.02827571923403944,-0.007247929361156587,0.04485253673774617,0.09081829076817105,-0.06804793705428819
ax_mean,0.07879554533071223,1.0,-0.031977963507434,-0.031977963507434,0.003155945418206204,-0.02203426003990388,0.06908408385594736,0.0842148366278956,0.15957745392603986,0.15957745392603986,0.15032872166742445,0.1581361928290363,0.14058603123408356,-0.14944484964515525,0.08196124063613353,0.08196124063613353,0.07071672170866262,0.0726027416081315,-0.07079348738566288,0.031127353314193005,0.012684275122475639,0.02165402131970163,0.08814367925265787,-0.21181936917106606,-0.21690066861991178,-0.21183182204238005,-0.2085631715252202,-0.21826497570529355,-0.1680855914347188,0.08148477073877826,0.06637631864802118,-0.06233313849546994,0.053290123645418845,0.05842534594485163,-0.049756633146141774,-0.06602012825478015,-0.009854782027518388,0.04136438334948623,0.03293631170140807,0.0689107329021612,0.08088256395668118
ax_std,0.04165456706059639,-0.031977963507434,1.0,1.0,0.9120079791154364,0.920468089054029,-0.40355198396071706,0.04057925258530214,0.479227312961365,0.479227312961365,0.42648315303141376,0.28591653987274224,0.23721261614386058,0.30554581455825175,0.7978457156919173,0.7978457156919173,0.670331223264872,0.6879695129623551,-0.39088747490267634,0.9342611432036336,0.20655802462526782,0.7538017283819433,-0.11012083882134682,-0.3653571605868076,-0.23675348080120912,-0.3652911407787896,-0.365598255699861,-0.3295325278536203,-0.21137349637127656,0.892567679766656,0.8984167628054175,-0.0721303752870046,0.8764100241741211,0.7687617419489924,-0.06890705837924957,-0.1366187967576264,-0.10884699621272313,0.8109643526812249,0.4417181767978681,0.33210611717223576,0.4161097762330942
ax_rms,0.04165456706059639,-0.031977963507434,1.0,1.0,0.9120079791154364,0.920468089054029,-0.40355198396071706,0.04057925258530214,0.479227312961365,0.479227312961365,0.42648315303141376,0.28591653987274224,0.23721261614386058,0.30554581455825175,0.7978457156919173,0.7978457156919173,0.670331223264872,0.6879695129623551,-0.39088747490267634,0.9342611432036336,0.20655802462526782,0.7538017283819433,-0.11012083882134682,-0.3653571605868076,-0.23675348080120912,-0.3652911407787896,-0.365598255699861,-0.3295325278536203,-0.21137349637127656,0.892567679766656,0.8984167628054175,-0.0721303752870046,0.8764100241741211,0.7687617419489924,-0.06890705837924957,-0.1366187967576264,-0.10884699621272313,0.8109643526812249,0.4417181767978681,0.33210611717223576,0.4161097762330942
ax_peak,0.09312568661117784,0.003155945418206204,0.9120079791154364,0.9120079791154364,1.0,0.9956156752291974,-0.13362738094191928,0.06340410798083268,0.5640694821677488,0.5640694821677488,0.5428228312433532,0.4220554975092601,0.32519164343339313,0.1881767857900189,0.8749383408901771,0.8749383408901771,0.7847221712735344,0.795160168461535,-0.34009935491302073,0.9365630116396007,0.2766159147863107,0.8198849087281243,-0.038749439978741564,-0.3206178660314204,-0.1766289116620865,-0.3206014376371533,-0.322868611138796,-0.286677286708894,-0.1499486975347725,0.8629120229345149,0.8361647299650037,-0.03620346126259959,0.8018157595494007,0.7850424841266872,-0.038130423168818525,-0.09842359340168313,-0.07808130744106236,0.746914819329716,0.41006315908398355,0.37009296614911846,0.33895746380719427
ax_p2p,0.09097011268413631,-0.02203426003990388,0.920468089054029,0.920468089054029,0.9956156752291974,1.0,-0.15727490446077966,0.08210777414079654,0.53846219842593,0.53846219842593,0.520791926597982,0.39513822056461895,0.321752071511395,0.19861567725765467,0.8585185718286689,0.8585185718286689,0.7728151923672103,0.7839213824298471,-0.3308194864623852,0.9336473394580738,0.26347126371110713,0.8164906251393439,-0.05274833674557606,-0.29148566916612445,-0.14914971397137583,-0.29146235566592615,-0.2944898634940133,-0.25775592332160596,-0.1270334092700042,0.8560214898790014,0.8285911026911634,-0.02560542305206208,0.7927408274218946,0.775707637147461,-0.027107214705977985,-0.08771118593978434,-0.08208782016688806,0.7357208258497134,0.4009129863499055,0.3536580323694118,0.3274761477451964
ax_crest,-0.03985317907789811,0.06908408385594736,-0.40355198396071706,-0.40355198396071706,-0.13362738094191928,-0.15727490446077966,1.0,0.03560927638951449,0.14860888851659396,0.14860888851659396,0.16885958777221816,0.2316207580275054,0.055010742760384056,-0.4266169093937764,-0.025120018760225064,-0.025120018760225064,0.05091629569079447,0.007168098775205085,0.16969711701553328,-0.24992610312732855,-0.028270340733985207,-0.12069386281198434,0.03324894349441602,0.23678564592249005,0.27214457375292384,0.2366534481359781,0.23283719029204097,0.22125215861199,0.2969169665094372,-0.23837274128118352,-0.27122881332701165,0.04665537742281838,-0.2668060534770728,-0.13022619170606303,0.039768280025518576,0.07266972369543433,0.09295635353338848,-0.3101281170632692,-0.23333462597432816,-0.13725221771911963,-0.2795190494030995
ay_mean,0.01965334529438246,0.0842148366278956,0.04057925258530214,0.04057925258530214,0.06340410798083268,0.08210777414079654,0.03560927638951449,1.0,-0.42082724401334554,-0.42082724401334554,-0.2717813702806141,-0.36878880395597224,0.09301206340412142,0.047331622633142986,-0.05736177724001046,-0.05736177724001046,-0.050100735969584614,-0.05628129045046738,0.1015841678190924,-0.04515786223623506,-0.38633305188158407,-0.04717934044726615,-0.3996757809143895,0.5077519596764257,0.4268634220345177,0.5077386734617122,0.5064570984299035,0.5020089025598585,0.39084903920592806,-0.14026128977461044,-0.13355067370872575,0.09968058599151786,-0.12589298902380655,-0.11103807936044367,0.09410045346977129,0.11138612205041026,0.008023471028085757,-0.11945599498076825,-0.22272866785605763,-0.3544953310532866,-0.1858588515043318
ay_std,0.13925336315690146,0.15957745392603986,0.479227312961365,0.479227312961365,0.5640694821677488,0.53846219842593,0.14860888851659396,-0.42082724401334554,1.0,1.0,0.9016010903977709,0.9038917854797166,0.3743360266220622,-0.16767576814595622,0.7858075865986829,0.7858075865986829,0.6819930621458523,0.6822512282376174,-0.45752974263464047,0.6618398753195356,0.27529633257325503,0.5493325820428624,0.05865647409836342,-0.46988397948578703,-0.3506278901196162,-0.4698812767025432,-0.4649250783496214,-0.45031225592560953,-0.3113739145643345,0.7363938181016554,0.6952806964139204,-0.1100197655826461,0.6850470459042648,0.6379078797004137,-0.10619837065342635,-0.16171499168745843,-0.05457538342325251,0.5922232048383639,0.344622053137972,0.3502107905101662,0.38985169591676744
ay_rms,0.13925336315690146,0.15957745392603986,0.479227312961365,0.479227312961365,0.5640694821677488,0.53846219842593,0.14860888851659396,-0.42082724401334554,1.0,1.0,0.9016010903977709,0.9038917854797166,0.3743360266220622,-0.16767576814595622,0.7858075865986829,0.7858075865986829,0.6819930621458523,0.6822512282376174,-0.45752974263464047,0.6618398753195356,0.27529633257325503,0.5493325820428624,0.05865647409836342,-0.46988397948578703,-0.3506278901196162,-0.4698812767025432,-0.4649250783496214,-0.45031225592560953,-0.3113739145643345,0.7363938181016554,0.6952806964139204,-0.1100197655826461,0.6850470459042648,0.6379078797004137,-0.10619837065342635,-0.16171499168745843,-0.05457538342325251,0.5922232048383639,0.344622053137972,0.3502107905101662,0.38985169591676744
ay_peak,0.12330399539997727,0.15032872166742445,0.42648315303141376,0.42648315303141376,0.5428228312433532,0.520791926597982,0.16885958777221816,-0.2717813702806141,0.9016010903977709,0.9016010903977709,1.0,0.9678093466740555,0.6596121926520965,-0.07206431963975359,0.7448977565315255,0.7448977565315255,0.6721182120995981,0.6824413284654179,-0.34268974296895344,0.6113905831399142,0.292798073540308,0.5540058420385717,0.14580877550590973,-0.378891320712799,-0.2575983582814334,-0.37888191713762737,-0.37462821300052546,-0.35174907732229266,-0.2192400998917912,0.6550596373763086,0.6064574610023502,-0.03932177626287061,0.5859381058740436,0.5813568425282937,-0.037480989833546856,-0.0892782389854558,-0.057209213353782325,0.48394222971516054,0.27300577810524684,0.3238997146004553,0.23144649671581846
ay_p2p,0.11714092669513959,0.1581361928290363,0.28591653987274224,0.28591653987274224,0.4220554975092601,0.39513822056461895,0.2316207580275054,-0.36878880395597224,0.9038917854797166,0.9038917854797166,0.9678093466740555,1.0,0.5670245516287549,-0.16436509451832934,0.6639645988578019,0.6639645988578019,0.5948097473929743,0.603208695909389,-0.3298567999711782,0.4970663203641833,0.3166273799297313,0.45258927783701647,0.18916473198093595,-0.40253875943083794,-0.2812184751556632,-0.40254812962353054,-0.39811674678469167,-0.38150384505186075,-0.24872608562160903,0.5612973002565833,0.5126200716872262,-0.06421545340555712,0.49545970677589496,0.49240601192080796,-0.06082180229190004,-0.10787973036832417,-0.043418379334706214,0.42813665528783507,0.26171616200735626,0.3476848617386274,0.24995986359491215
ay_crest,0.10510795274328333,0.14058603123408356,0.23721261614386058,0.23721261614386058,0.32519164343339313,0.321752071511395,0.055010742760384056,0.09301206340412142,0.3743360266220622,0.3743360266220622,0.6596121926520965,0.5670245516287549,1.0,0.09202023782679769,0.36197274860167017,0.36197274860167017,0.3840518764511474,0.4054656123300739,-0.008928736271971235,0.31733823128712024,0.19782940584119474,0.3557880257961694,0.1939722027363087,-0.10452960708005049,-0.03216996460827551,-0.10452105622152545,-0.10458580579763674,-0.07971375596262642,-0.011975791074723128,0.28267445056912616,0.233962547900565,0.08527914098550465,0.20547555688028074,0.30076679889435637,0.0909571485598589,0.05401305771647417,-0.05030469644422411,0.1393952388157183,0.06653615561204657,0.15448083788720543,-0.08189572708516363
az_mean,0.054163081913265396,-0.14944484964515525,0.30554581455825175,0.30554581455825175,0.1881767857900189,0.19861567725765467,-0.4266169093937764,0.047331622633142986,-0.16767576814595622,-0.16767576814595622,-0.07206431963975359,-0.16436509451832934,0.09202023782679769,1.0,0.016131991815177195,0.016131991815177195,-0.056865374109640175,-0.030720486018061405,0.06572866548168975,0.20700875799554982,0.002577119028033396,0.10710130712779149,0.0390141563170145,-0.09648909850919624,-0.0639824917821557,-0.09649578560567983,-0.0992483015810421,-0.06639038710867354,-0.06870554267740504,0.1347277933353237,0.12707898148527824,0.17326997444027478,0.10557734010109124,0.17444376716969057,0.1840643631766304,0.15895705235523608,-0.01285045734146105,0.09379032176689676,0.07928597708736707,0.04377862682927137,-0.08873873694562333
az_std,0.15309773821494224,0.08196124063613353,0.7978457156919173,0.7978457156919173,0.8749383408901771,0.8585185718286689,-0.025120018760225064,-0.05736177724001046,0.7858075865986829,0.7858075865986829,0.7448977565315255,0.6639645988578019,0.36197274860167017,0.016131991815177195,1.0,1.0,0.8906307875749843,0.892128544490819,-0.44752789934470627,0.9270052483105572,0.25025634468376934,0.8240199221507633,-0.06595309658868817,-0.38960785926299335,-0.2750987488871085,-0.38959048031448856,-0.3847624444246901,-0.36164146530268415,-0.23872290739542562,0.9069947760373168,0.8688125269725346,-0.07972004567188187,0.8425388142946828,0.8096907940546972,-0.08018905703631848,-0.14156931615340893,-0.07185898786317602,0.7594588353072195,0.39271230237608645,0.3637258761546193,0.39682775150258764
az_rms,0.15309773821494224,0.08196124063613353,0.7978457156919173,0.7978457156919173,0.8749383408901771,0.8585185718286689,-0.025120018760225064,-0.05736177724001046,0.7858075865986829,0.7858075865986829,0.7448977565315255,0.6639645988578019,0.36197274860167017,0.016131991815177195,1.0,1.0,0.8906307875749843,0.892128544490819,-0.44752789934470627,0.9270052483105572,0.25025634468376934,0.8240199221507633,-0.06595309658868817,-0.38960785926299335,-0.2750987488871085,-0.38959048031448856,-0.3847624444246901,-0.36164146530268415,-0.23872290739542562,0.9069947760373168,0.8688125269725346,-0.07972004567188187,0.8425388142946828,0.8096907940546972,-0.08018905703631848,-0.14156931615340893,-0.07185898786317602,0.7594588353072195,0.39271230237608645,0.3637258761546193,0.39682775150258764
az_peak,0.16886494314215536,0.07071672170866262,0.670331223264872,0.670331223264872,0.7847221712735344,0.7728151923672103,0.05091629569079447,-0.050100735969584614,0.6819930621458523,0.6819930621458523,0.6721182120995981,0.5948097473929743,0.3840518764511474,-0.056865374109640175,0.8906307875749843,0.8906307875749843,1.0,0.9932850445386298,-0.1741880232592607,0.8139912585757392,0.3658019355269908,0.942874069274969,0.11981606282998457,-0.28506496969143075,-0.18549858555748402,-0.2850995230100981,-0.2834087217400709,-0.2609846999614388,-0.16041359650924583,0.7442474989882598,0.6948079884207656,0.008892940059807087,0.6608367931735001,0.7119400561198388,0.0026886081876451697,-0.04235531712555019,-0.053028137838313505,0.5936395262694499,0.2733828476644624,0.40550857481869235,0.18275183703500297
az_p2p,0.1719516234372757,0.0726027416081315,0.6879695129623551,0.6879695129623551,0.795160168461535,0.7839213824298471,0.007168098775205085,-0.05628129045046738,0.6822512282376174,0.6822512282376174,0.6824413284654179,0.603208695909389,0.4054656123300739,-0.030720486018061405,0.892128544490819,0.892128544490819,0.9932850445386298,1.0,-0.20009728939313776,0.8279164767792062,0.39461029473457127,0.9534627386354294,0.14970333480477915,-0.32621342721206037,-0.2215596629634179,-0.32624075956352194,-0.3240345807018071,-0.30099115631837364,-0.195732748010478,0.7594153595985625,0.7098559829952881,0.010553629642537317,0.6736497881684789,0.724271220373292,0.0039936197058073825,-0.04337937375643824,-0.05842571776659431,0.6098644502157864,0.2908346106115846,0.4334714506611278,0.193648527998747
az_crest,0.07414027169240262,-0.07079348738566288,-0.39088747490267634,-0.39088747490267634,-0.34009935491302073,-0.3308194864623852,0.16969711701553328,0.1015841678190924,-0.45752974263464047,-0.45752974263464047,-0.34268974296895344,-0.3298567999711782,-0.008928736271971235,0.06572866548168975,-0.44752789934470627,-0.44752789934470627,-0.1741880232592607,-0.20009728939313776,1.0,-0.39235331904118503,0.17033892267537126,-0.12026929339916503,0.3919987564847378,0.3963135556721192,0.32155418365929983,0.3962240263477321,0.3902285331406705,0.3912559503052084,0.3083486358995834,-0.545254151897034,-0.593363585977814,0.23494400432392443,-0.6282658042425363,-0.3986936559806268,0.22451518360186634,0.2767058353012516,0.0618163632279272,-0.5261687444591638,-0.24102277625370658,-0.017113438061978025,-0.6174559986752176
acc_mag_rms,0.16364294202377155,0.031127353314193005,0.9342611432036336,0.9342611432036336,0.9365630116396007,0.9336473394580738,-0.24992610312732855,-0.04515786223623506,0.6618398753195356,0.6618398753195356,0.6113905831399142,0.4970663203641833,0.31733823128712024,0.20700875799554982,0.9270052483105572,0.9270052483105572,0.8139912585757392,0.8279164767792062,-0.39235331904118503,1.0,0.29649056569597926,0.8501183169620754,-0.03063090205836551,-0.41824735650033257,-0.2901261842349282,-0.4182052789684542,-0.41707795430231326,-0.3837030273389644,-0.25625863973886337,0.9346845570330272,0.8976201484881535,-0.044900812109095356,0.858272557358959,0.837931635025742,-0.043624709941956115,-0.11046356336618872,-0.08049030921020683,0.7930249940669011,0.4560183604469485,0.42090865889679246,0.37617630666453716
acc_mag_std,0.018904453661125867,0.012684275122475639,0.20655802462526782,0.20655802462526782,0.2766159147863107,0.26347126371110713,-0.028270340733985207,-0.38633305188158407,0.27529633257325503,0.27529633257325503,0.292798073540308,0.3166273799297313,0.19782940584119474,0.002577119028033396,0.25025634468376934,0.25025634468376934,0.3658019355269908,0.39461029473457127,0.17033892267537126,0.29649056569597926,1.0,0.49115799967004065,0.8210573556096494,-0.49892197834252533,-0.35312305004744154,-0.4988802799715275,-0.5027394107089284,-0.4825581746375314,-0.31131137037435613,0.25499423672921945,0.2105961239887246,0.008360820766296394,0.16101067844289557,0.25028581234544334,-0.00011289147173758124,-0.016980021924373728,-0.03842360576373839,0.17708232703931437,0.5096920259986921,0.8046954901959361,0.02447944930591225
acc_mag_peak,0.15234884658168565,0.02165402131970163,0.7538017283819433,0.7538017283819433,0.8198849087281243,0.8164906251393439,-0.12069386281198434,-0.04717934044726615,0.5493325820428624,0.5493325820428624,0.5540058420385717,0.45258927783701647,0.3557880257961694,0.10710130712779149,0.8240199221507633,0.8240199221507633,0.942874069274969,0.9534627386354294,-0.12026929339916503,0.8501183169620754,0.49115799967004065,1.0,0.2524116824539518,-0.33900537599606045,-0.22246459763507095,-0.33901795725582906,-0.3392855419831913,-0.31088491540483043,-0.19897898111761694,0.7408542223177504,0.6929967036651185,0.032503444377644554,0.6482761783029773,0.7198621997647027,0.02861756817730666,-0.021095041066344435,-0.06644599323080728,0.5917570779320417,0.3391063056398303,0.5054913324390192,0.13736539770975728
acc_mag_p2p,0.006051854009289758,0.08814367925265787,-0.11012083882134682,-0.11012083882134682,-0.038749439978741564,-0.05274833674557606,0.03324894349441602,-0.3996757809143895,0.05865647409836342,0.05865647409836342,0.14580877550590973,0.18916473198093595,0.1939722027363087,0.0390141563170145,-0.06595309658868817,-0.06595309658868817,0.11981606282998457,0.14970333480477915,0.3919987564847378,-0.03063090205836551,0.8210573556096494,0.2524116824539518,1.0,-0.34579260822561697,-0.24864923802525074,-0.34572564874655076,-0.34970434620012314,-0.3367860176267215,-0.19934895752024492,-0.05879994112436816,-0.10214513683340706,0.053193762504655594,-0.1482485282503968,-0.012655572588938164,0.04661785569021076,0.05122081879750472,-0.011026375492967186,-0.1278819103203346,0.26955281420709737,0.5938129230291948,-0.2187449955511382
acs_mean,0.023519246453239256,-0.21181936917106606,-0.3653571605868076,-0.3653571605868076,-0.3206178660314204,-0.29148566916612445,0.23678564592249005,0.5077519596764257,-0.46988397948578703,-0.46988397948578703,-0.378891320712799,-0.40253875943083794,-0.10452960708005049,-0.09648909850919624,-0.38960785926299335,-0.38960785926299335,-0.28506496969143075,-0.32621342721206037,0.3963135556721192,-0.41824735650033257,-0.49892197834252533,-0.33900537599606045,-0.34579260822561697,1.0,0.8296790575483035,0.9999905604954111,0.995358507670993,0.9791945458512042,0.7325454995110684,-0.5281939022318738,-0.5289537321017037,0.12783408444132024,-0.5077258603244444,-0.5163797704996463,0.12422276673744098,0.1715593410559322,0.11116081538427225,-0.4753890361801866,-0.4299196432106449,-0.5352784889337805,-0.4272978191311244
acs_std,-0.018155562088858424,-0.21690066861991178,-0.23675348080120912,-0.23675348080120912,-0.1766289116620865,-0.14914971397137583,0.27214457375292384,0.4268634220345177,-0.3506278901196162,-0.3506278901196162,-0.2575983582814334,-0.2812184751556632,-0.03216996460827551,-0.0639824917821557,-0.2750987488871085,-0.2750987488871085,-0.18549858555748402,-0.2215596629634179,0.32155418365929983,-0.2901261842349282,-0.35312305004744154,-0.22246459763507095,-0.24864923802525074,0.8296790575483035,1.0,0.8301989302945592,0.8041015675910524,0.8707000717056134,0.908583046133921,-0.3928840354862606,-0.38512538321084466,0.157922038207841,-0.3841565582985608,-0.3692858908220754,0.15937102364896266,0.18782675024271536,0.05738945096843888,-0.3388582974400702,-0.2987822565955739,-0.37856655163023983,-0.33633840228773
acs_rms,0.023478764718314782,-0.21183182204238005,-0.3652911407787896,-0.3652911407787896,-0.3206014376371533,-0.29146235566592615,0.2366534481359781,0.5077386734617122,-0.4698812767025432,-0.4698812767025432,-0.37888191713762737,-0.40254812962353054,-0.10452105622152545,-0.09649578560567983,-0.38959048031448856,-0.38959048031448856,-0.2850995230100981,-0.32624075956352194,0.3962240263477321,-0.4182052789684542,-0.4988802799715275,-0.33901795725582906,-0.34572564874655076,0.9999905604954111,0.8301989302945592,1.0,0.9953119906030532,0.9796013653256657,0.7331188562425217,-0.5281014508726146,-0.5288522576495434,0.12810510305372058,-0.5076502766570553,-0.516318486795041,0.12452504438885094,0.17182110622603894,0.11089513346464523,-0.4753275816032099,-0.42986697004225216,-0.5352610157938424,-0.4273253986675478
acs_min,0.021081055976471502,-0.2085631715252202,-0.365598255699861,-0.365598255699861,-0.322868611138796,-0.2944898634940133,0.23283719029204097,0.5064570984299035,-0.4649250783496214,-0.4649250783496214,-0.37462821300052546,-0.39811674678469167,-0.10458580579763674,-0.0992483015810421,-0.3847624444246901,-0.3847624444246901,-0.2834087217400709,-0.3240345807018071,0.3902285331406705,-0.41707795430231326,-0.5027394107089284,-0.3392855419831913,-0.34970434620012314,0.995358507670993,0.8041015675910524,0.9953119906030532,1.0,0.9713313088561467,0.690509108879148,-0.5240914807958432,-0.5244803881538564,0.11766461816564638,-0.50191855927003,-0.5159231152704831,0.11381432284063117,0.16137017506988288,0.11718332699725802,-0.4696059709221881,-0.42484732568574063,-0.5355870995918521,-0.42136029276291675
acs_max,0.01957300072211136,-0.21826497570529355,-0.3295325278536203,-0.3295325278536203,-0.286677286708894,-0.25775592332160596,0.22125215861199,0.5020089025598585,-0.45031225592560953,-0.45031225592560953,-0.35174907732229266,-0.38150384505186075,-0.07971375596262642,-0.06639038710867354,-0.36164146530268415,-0.36164146530268415,-0.2609846999614388,-0.30099115631837364,0.3912559503052084,-0.3837030273389644,-0.4825581746375314,-0.31088491540483043,-0.3367860176267215,0.9791945458512042,0.8707000717056134,0.9796013653256657,0.9713313088561467,1.0,0.7916922683944961,-0.4972215727034806,-0.4961598246819861,0.13959827819439272,-0.47841400667683853,-0.4804281865544871,0.14150077663357996,0.18015180681251322,0.09533899254281117,-0.44605882688684756,-0.40605962180680355,-0.5147790325239452,-0.41285455222286505
acs_p2p,-0.04786972955729457,-0.1680855914347188,-0.21137349637127656,-0.21137349637127656,-0.1499486975347725,-0.1270334092700042,0.2969169665094372,0.39084903920592806,-0.3113739145643345,-0.3113739145643345,-0.2192400998917912,-0.24872608562160903,-0.011975791074723128,-0.06870554267740504,-0.23872290739542562,-0.23872290739542562,-0.16041359650924583,-0.195732748010478,0.3083486358995834,-0.25625863973886337,-0.31131137037435613,-0.19897898111761694,-0.19934895752024492,0.7325454995110684,0.908583046133921,0.7331188562425217,0.690509108879148,0.7916922683944961,1.0,-0.35721752227487324,-0.34235872417586755,0.13623624508865817,-0.33847759546038636,-0.3247510936728687,0.13486078706452778,0.16347836262003893,0.05024532224333952,-0.31355788711051313,-0.2725035909091547,-0.35271814418636654,-0.3190411992200422
rpm_mean,0.1372090914012551,0.08148477073877826,0.892567679766656,0.892567679766656,0.8629120229345149,0.8560214898790014,-0.23837274128118352,-0.14026128977461044,0.7363938181016554,0.7363938181016554,0.6550596373763086,0.5612973002565833,0.28267445056912616,0.1347277933353237,0.9069947760373168,0.9069947760373168,0.7442474989882598,0.7594153595985625,-0.545254151897034,0.9346845570330272,0.25499423672921945,0.7408542223177504,-0.05879994112436816,-0.5281939022318738,-0.3928840354862606,-0.5281014508726146,-0.5240914807958432,-0.4972215727034806,-0.35721752227487324,1.0,0.9603745045356085,-0.10079548213103881,0.9262631523773106,0.8558668047961744,-0.09622528287033157,-0.16842963011575102,-0.10530997033886086,0.8406245524486927,0.4916028186668432,0.39657942199920715,0.5078583972794234
rpm_median,0.006901954054309681,0.06637631864802118,0.8984167628054175,0.8984167628054175,0.8361647299650037,0.8285911026911634,-0.27122881332701165,-0.13355067370872575,0.6952806964139204,0.6952806964139204,0.6064574610023502,0.5126200716872262,0.233962547900565,0.12707898148527824,0.8688125269725346,0.8688125269725346,0.6948079884207656,0.7098559829952881,-0.593363585977814,0.8976201484881535,0.2105961239887246,0.6929967036651185,-0.10214513683340706,-0.5289537321017037,-0.38512538321084466,-0.5288522576495434,-0.5244803881538564,-0.4961598246819861,-0.34235872417586755,0.9603745045356085,1.0,-0.15446976433637308,0.9705418852937,0.8013350522133436,-0.1497655940943536,-0.2218640678950292,-0.1271765901490137,0.8819718210354524,0.4755711084550603,0.3529873085608348,0.5577760221330508
rpm_std,0.17734563488092595,-0.06233313849546994,-0.0721303752870046,-0.0721303752870046,-0.03620346126259959,-0.02560542305206208,0.04665537742281838,0.09968058599151786,-0.1100197655826461,-0.1100197655826461,-0.03932177626287061,-0.06421545340555712,0.08527914098550465,0.17326997444027478,-0.07972004567188187,-0.07972004567188187,0.008892940059807087,0.010553629642537317,0.23494400432392443,-0.044900812109095356,0.008360820766296394,0.032503444377644554,0.053193762504655594,0.12783408444132024,0.157922038207841,0.12810510305372058,0.11766461816564638,0.13959827819439272,0.13623624508865817,-0.10079548213103881,-0.15446976433637308,1.0,-0.21493804235023645,0.09954787350406435,0.9596094429459666,0.9960410383685677,0.09974990756004445,-0.16718462362342168,-0.14637505169556203,-0.0331414742358241,-0.2957922708184468
rpm_min,-0.05849457506807384,0.053290123645418845,0.8764100241741211,0.8764100241741211,0.8018157595494007,0.7927408274218946,-0.2668060534770728,-0.12589298902380655,0.6850470459042648,0.6850470459042648,0.5859381058740436,0.49545970677589496,0.20547555688028074,0.10557734010109124,0.8425388142946828,0.8425388142946828,0.6608367931735001,0.6736497881684789,-0.6282658042425363,0.858272557358959,0.16101067844289557,0.6482761783029773,-0.1482485282503968,-0.5077258603244444,-0.3841565582985608,-0.5076502766570553,-0.50191855927003,-0.47841400667683853,-0.33847759546038636,0.9262631523773106,0.9705418852937,-0.21493804235023645,1.0,0.7494696549428007,-0.2104472794352304,-0.28071880326856424,-0.11306622014521364,0.8786601778717762,0.4553345301924474,0.30366451037037623,0.585625822535684
rpm_max,0.2127866369991392,0.05842534594485163,0.7687617419489924,0.7687617419489924,0.7850424841266872,0.775707637147461,-0.13022619170606303,-0.11103807936044367,0.6379078797004137,0.6379078797004137,0.5813568425282937,0.49240601192080796,0.30076679889435637,0.17444376716969057,0.8096907940546972,0.8096907940546972,0.7119400561198388,0.724271220373292,-0.3986936559806268,0.837931635025742,0.25028581234544334,0.7198621997647027,-0.012655572588938164,-0.5163797704996463,-0.3692858908220754,-0.516318486795041,-0.5159231152704831,-0.4804281865544871,-0.3247510936728687,0.8558668047961744,0.8013350522133436,0.09954787350406435,0.7494696549428007,1.0,0.10455389922809837,0.03411956172494882,-0.11117350446668496,0.6926057274003025,0.3780332885756693,0.36779655605715955,0.3481652434345437
rpm_p2p,0.19085668204151068,-0.049756633146141774,-0.06890705837924957,-0.06890705837924957,-0.038130423168818525,-0.027107214705977985,0.039768280025518576,0.09410045346977129,-0.10619837065342635,-0.10619837065342635,-0.037480989833546856,-0.06082180229190004,0.0909571485598589,0.1840643631766304,-0.08018905703631848,-0.08018905703631848,0.0026886081876451697,0.0039936197058073825,0.22451518360186634,-0.043624709941956115,-0.00011289147173758124,0.02861756817730666,0.04661785569021076,0.12422276673744098,0.15937102364896266,0.12452504438885094,0.11381432284063117,0.14150077663357996,0.13486078706452778,-0.09622528287033157,-0.1497655940943536,0.9596094429459666,-0.2104472794352304,0.10455389922809837,1.0,0.956313734885135,0.09136248423690467,-0.1589041553049902,-0.1350614339433493,-0.031468536378402426,-0.2890750771436133
rpm_cv_percent,0.17238675784990257,-0.06602012825478015,-0.1366187967576264,-0.1366187967576264,-0.09842359340168313,-0.08771118593978434,0.07266972369543433,0.11138612205041026,-0.16171499168745843,-0.16171499168745843,-0.0892782389854558,-0.10787973036832417,0.05401305771647417,0.15895705235523608,-0.14156931615340893,-0.14156931615340893,-0.04235531712555019,-0.04337937375643824,0.2767058353012516,-0.11046356336618872,-0.016980021924373728,-0.021095041066344435,0.05122081879750472,0.1715593410559322,0.18782675024271536,0.17182110622603894,0.16137017506988288,0.18015180681251322,0.16347836262003893,-0.16842963011575102,-0.2218640678950292,0.9960410383685677,-0.28071880326856424,0.03411956172494882,0.956313734885135,1.0,0.10638170678113285,-0.22801175874029875,-0.18430277779950097,-0.0661372509008915,-0.33455549717619754
rpm_slope_rpm_per_s,0.02827571923403944,-0.009854782027518388,-0.10884699621272313,-0.10884699621272313,-0.07808130744106236,-0.08208782016688806,0.09295635353338848,0.008023471028085757,-0.05457538342325251,-0.05457538342325251,-0.057209213353782325,-0.043418379334706214,-0.05030469644422411,-0.01285045734146105,-0.07185898786317602,-0.07185898786317602,-0.053028137838313505,-0.05842571776659431,0.0618163632279272,-0.08049030921020683,-0.03842360576373839,-0.06644599323080728,-0.011026375492967186,0.11116081538427225,0.05738945096843888,0.11089513346464523,0.11718332699725802,0.09533899254281117,0.05024532224333952,-0.10530997033886086,-0.1271765901490137,0.09974990756004445,-0.11306622014521364,-0.11117350446668496,0.09136248423690467,0.10638170678113285,1.0,-0.09833451844812185,-0.10721970632002818,-0.056721785577410505,-0.08872948466542138
dominant_frequency_Hz,-0.007247929361156587,0.04136438334948623,0.8109643526812249,0.8109643526812249,0.746914819329716,0.7357208258497134,-0.3101281170632692,-0.11945599498076825,0.5922232048383639,0.5922232048383639,0.48394222971516054,0.42813665528783507,0.1393952388157183,0.09379032176689676,0.7594588353072195,0.7594588353072195,0.5936395262694499,0.6098644502157864,-0.5261687444591638,0.7930249940669011,0.17708232703931437,0.5917570779320417,-0.1278819103203346,-0.4753890361801866,-0.3388582974400702,-0.4753275816032099,-0.4696059709221881,-0.44605882688684756,-0.31355788711051313,0.8406245524486927,0.8819718210354524,-0.16718462362342168,0.8786601778717762,0.6926057274003025,-0.1589041553049902,-0.22801175874029875,-0.09833451844812185,1.0,0.5345655391332264,0.38813660724801013,0.6706801316157791
dominant_amplitude,0.04485253673774617,0.03293631170140807,0.4417181767978681,0.4417181767978681,0.41006315908398355,0.4009129863499055,-0.23333462597432816,-0.22272866785605763,0.344622053137972,0.344622053137972,0.27300577810524684,0.26171616200735626,0.06653615561204657,0.07928597708736707,0.39271230237608645,0.39271230237608645,0.2733828476644624,0.2908346106115846,-0.24102277625370658,0.4560183604469485,0.5096920259986921,0.3391063056398303,0.26955281420709737,-0.4299196432106449,-0.2987822565955739,-0.42986697004225216,-0.42484732568574063,-0.40605962180680355,-0.2725035909091547,0.4916028186668432,0.4755711084550603,-0.14637505169556203,0.4553345301924474,0.3780332885756693,-0.1350614339433493,-0.18430277779950097,-0.10721970632002818,0.5345655391332264,1.0,0.7164646935267791,0.5205774203137216
spectral_energy,0.09081829076817105,0.0689107329021612,0.33210611717223576,0.33210611717223576,0.37009296614911846,0.3536580323694118,-0.13725221771911963,-0.3544953310532866,0.3502107905101662,0.3502107905101662,0.3238997146004553,0.3476848617386274,0.15448083788720543,0.04377862682927137,0.3637258761546193,0.3637258761546193,0.40550857481869235,0.4334714506611278,-0.017113438061978025,0.42090865889679246,0.8046954901959361,0.5054913324390192,0.5938129230291948,-0.5352784889337805,-0.37856655163023983,-0.5352610157938424,-0.5355870995918521,-0.5147790325239452,-0.35271814418636654,0.39657942199920715,0.3529873085608348,-0.0331414742358241,0.30366451037037623,0.36779655605715955,-0.031468536378402426,-0.0661372509008915,-0.056721785577410505,0.38813660724801013,0.7164646935267791,1.0,0.27686917567477537
spectral_centroid_Hz,-0.06804793705428819,0.08088256395668118,0.4161097762330942,0.4161097762330942,0.33895746380719427,0.3274761477451964,-0.2795190494030995,-0.1858588515043318,0.38985169591676744,0.38985169591676744,0.23144649671581846,0.24995986359491215,-0.08189572708516363,-0.08873873694562333,0.39682775150258764,0.39682775150258764,0.18275183703500297,0.193648527998747,-0.6174559986752176,0.37617630666453716,0.02447944930591225,0.13736539770975728,-0.2187449955511382,-0.4272978191311244,-0.33633840228773,-0.4273253986675478,-0.42136029276291675,-0.41285455222286505,-0.3190411992200422,0.5078583972794234,0.5577760221330508,-0.2957922708184468,0.585625822535684,0.3481652434345437,-0.2890750771436133,-0.33455549717619754,-0.08872948466542138,0.6706801316157791,0.5205774203137216,0.27686917567477537,1.0
